date,sku_id,base_price,discount_pct,current_sell_price,fb_ad_spend,tiktok_ad_spend,affiliate_commission_rate,sales_quantity
2025-01-01,SKU_0,25.0,0.0,25.0,265.09131087954745,281.1542295795755,0.05,109
2025-01-02,SKU_0,25.0,0.0,25.0,801.7219002454923,707.6588712969568,0.05,112
2025-01-03,SKU_0,25.0,0.0,25.0,637.1651421518383,579.5555059749298,0.15,149
2025-01-04,SKU_0,25.0,0.0,25.0,501.249477568232,444.02465571284534,0.05,130
2025-01-05,SKU_0,25.0,0.0,25.0,189.97742423620258,180.65022294950688,0.05,124
2025-01-06,SKU_0,25.0,0.0,25.0,513.3240027692805,418.6594866305917,0.05,112
2025-01-07,SKU_0,25.0,0.0,25.0,400.33775002511965,419.27434762014474,0.05,129
2025-01-08,SKU_0,25.0,0.0,25.0,228.5801361297467,213.6359522055194,0.1,149
2025-01-09,SKU_0,25.0,0.0,25.0,685.7996256539676,728.5174356739525,0.1,124
2025-01-10,SKU_0,25.0,0.0,25.0,150.77042112439023,143.85890123667028,0.05,123
2025-01-11,SKU_0,25.0,0.0,25.0,749.7988950401423,804.2683863681359,0.05,137
2025-01-12,SKU_0,25.0,0.0,25.0,944.6974381141752,884.4728137439847,0.05,126
2025-01-13,SKU_0,25.0,0.0,25.0,100.7008892569129,91.06157973263706,0.05,118
2025-01-14,SKU_0,25.0,0.0,25.0,992.9904033620958,991.4164954182831,0.05,149
2025-01-15,SKU_0,25.0,0.0,25.0,655.7333586649448,706.3272157686054,0.05,144
2025-01-16,SKU_0,25.0,0.0,25.0,650.4878444394528,611.0257663396097,0.05,144
2025-01-17,SKU_0,25.0,0.0,25.0,106.35967469774566,124.93637685324362,0.05,139
2025-01-18,SKU_0,25.0,0.0,25.0,120.75618253727419,98.49774251662319,0.05,127
2025-01-19,SKU_0,25.0,0.0,25.0,572.2971942325503,553.5134919026219,0.05,128
2025-01-20,SKU_0,25.0,0.0,25.0,459.8748745437299,545.8862935315146,0.05,118
2025-01-21,SKU_0,25.0,0.0,25.0,141.99909689225387,144.7238825312335,0.05,128
2025-01-22,SKU_0,25.0,0.0,25.0,976.3799669573133,946.4913914291238,0.1,152
2025-01-23,SKU_0,25.0,0.0,25.0,309.49420638727383,317.9768587235235,0.05,154
2025-01-24,SKU_0,25.0,0.0,25.0,181.54579107953873,187.0593059105815,0.05,132
2025-01-25,SKU_0,25.0,0.0,25.0,656.5474083997785,717.3825017612204,0.1,141
2025-01-26,SKU_0,25.0,0.0,25.0,444.21579214044647,378.0613514337971,0.05,127
2025-01-27,SKU_0,25.0,0.0,25.0,984.9077972261093,886.4234978879783,0.1,138
2025-01-28,SKU_0,25.0,0.0,25.0,520.0866039231819,536.8425486616983,0.05,134
2025-01-29,SKU_0,25.0,0.0,25.0,873.9463660626885,1002.2824559795686,0.15,146
2025-01-30,SKU_0,25.0,0.0,25.0,712.2767847290017,729.9032681537963,0.1,177
2025-01-31,SKU_0,25.0,0.0,25.0,505.4493267725887,452.5989102785034,0.1,146
2025-02-01,SKU_0,25.0,0.0,25.0,111.93846504387987,119.99108448715504,0.1,161
2025-02-02,SKU_0,25.0,0.0,25.0,947.9815801163675,1038.9532144414318,0.05,112
2025-02-03,SKU_0,25.0,0.0,25.0,606.9593960609853,543.4073853219932,0.05,160
2025-02-04,SKU_0,25.0,0.0,25.0,446.8748522859245,425.018897914403,0.1,130
2025-02-05,SKU_0,25.0,0.0,25.0,114.36962699819277,115.9400351355851,0.05,144
2025-02-06,SKU_0,25.0,0.0,25.0,307.8044430599341,307.38105074530023,0.1,140
2025-02-07,SKU_0,25.0,0.0,25.0,316.9229194234106,302.9298960766293,0.05,125
2025-02-08,SKU_0,25.0,0.0,25.0,714.9371669429124,657.0659129328284,0.05,143
2025-02-09,SKU_0,25.0,0.0,25.0,648.9969920043588,545.1535500090649,0.05,157
2025-02-10,SKU_0,25.0,0.0,25.0,849.8754205625479,698.0826720768715,0.05,145
2025-02-11,SKU_0,25.0,0.0,25.0,256.0281881569949,302.98800761371547,0.05,133
2025-02-12,SKU_0,25.0,0.0,25.0,451.95454681591673,514.7117157639066,0.05,137
2025-02-13,SKU_0,25.0,0.0,25.0,264.0124790092561,248.68974286633087,0.05,130
2025-02-14,SKU_0,25.0,0.0,25.0,779.8252692858872,922.3152185873953,0.05,141
2025-02-15,SKU_0,25.0,0.0,25.0,482.64028704212024,516.7667980068218,0.05,134
2025-02-16,SKU_0,25.0,0.0,25.0,287.14749658137,285.139870360276,0.1,187
2025-02-17,SKU_0,25.0,0.0,25.0,610.9302950379923,609.2259602559254,0.05,142
2025-02-18,SKU_0,25.0,0.0,25.0,128.18196321000272,106.81579430072118,0.05,135
2025-02-19,SKU_0,25.0,0.0,25.0,858.0562971354987,717.9199661198313,0.05,136
2025-02-20,SKU_0,25.0,0.0,25.0,504.7787200327891,525.4627198149253,0.1,145
2025-02-21,SKU_0,25.0,0.0,25.0,455.635212401633,465.422813066511,0.05,152
2025-02-22,SKU_0,25.0,0.0,25.0,933.9929792144147,826.6689275458082,0.1,148
2025-02-23,SKU_0,25.0,0.0,25.0,754.5447962707788,889.2143044530981,0.15,158
2025-02-24,SKU_0,25.0,0.0,25.0,393.88669192525185,438.2062002339481,0.05,135
2025-02-25,SKU_0,25.0,0.0,25.0,613.3995769648594,518.559317123083,0.05,137
2025-02-26,SKU_0,25.0,0.0,25.0,568.7508340232413,666.7873493290562,0.05,133
2025-02-27,SKU_0,25.0,0.0,25.0,965.0548219144142,1148.1250300865763,0.05,179
2025-02-28,SKU_0,25.0,0.0,25.0,860.0804638103363,1030.6967728757288,0.05,157
2025-03-01,SKU_0,25.0,0.0,25.0,772.5880991236428,635.336634974121,0.15,182
2025-03-02,SKU_0,25.0,0.0,25.0,585.7229191501717,641.2577824565781,0.05,140
2025-03-03,SKU_0,25.0,0.0,25.0,628.0760490974634,639.6114873040607,0.05,134
2025-03-04,SKU_0,25.0,0.0,25.0,968.7297765377242,1048.4878114906187,0.05,148
2025-03-05,SKU_0,25.0,0.0,25.0,646.3308229180162,767.4925015623885,0.1,169
2025-03-06,SKU_0,25.0,0.0,25.0,348.39926382028904,374.603070668731,0.05,147
2025-03-07,SKU_0,25.0,0.0,25.0,366.64615513367414,416.06475869690615,0.05,129
2025-03-08,SKU_0,25.0,0.0,25.0,248.74024515670226,285.2422498364385,0.15,158
2025-03-09,SKU_0,25.0,0.0,25.0,114.07276606707454,129.51734086029606,0.1,154
2025-03-10,SKU_0,25.0,0.0,25.0,481.06133263573264,466.83951923290874,0.05,127
2025-03-11,SKU_0,25.0,0.0,25.0,455.3933663580127,404.8586227142415,0.05,112
2025-03-12,SKU_0,25.0,0.0,25.0,364.1393572462343,349.0860695515116,0.1,130
2025-03-13,SKU_0,25.0,0.0,25.0,112.671840443576,130.33413883398705,0.05,107
2025-03-14,SKU_0,25.0,0.0,25.0,278.9581636799246,239.52517568227177,0.05,133
2025-03-15,SKU_0,25.0,0.0,25.0,740.207757473785,744.1534108511904,0.05,132
2025-03-16,SKU_0,25.0,0.0,25.0,811.157986478085,724.6003146296861,0.05,132
2025-03-17,SKU_0,25.0,0.0,25.0,645.3639773029103,666.3526122780098,0.1,141
2025-03-18,SKU_0,25.0,0.0,25.0,933.670790662014,1069.2915230401375,0.15,172
2025-03-19,SKU_0,25.0,0.0,25.0,685.96932295175,790.3354310176875,0.05,132
2025-03-20,SKU_0,25.0,0.0,25.0,923.4637079894027,826.1990410250592,0.05,145
2025-03-21,SKU_0,25.0,0.0,25.0,865.0347200108193,1006.1024044593746,0.05,148
2025-03-22,SKU_0,25.0,0.0,25.0,504.50560672438303,523.0489602964511,0.05,170
2025-03-23,SKU_0,25.0,0.0,25.0,185.8691048413702,174.73318467841673,0.1,146
2025-03-24,SKU_0,25.0,0.0,25.0,433.73642697843974,469.8547341529825,0.05,119
2025-03-25,SKU_0,25.0,0.0,25.0,701.9571273972465,696.809532011147,0.05,126
2025-03-26,SKU_0,25.0,0.0,25.0,699.330120955747,665.1993396125846,0.05,135
2025-03-27,SKU_0,25.0,0.0,25.0,632.1680089369544,684.0271186335626,0.05,132
2025-03-28,SKU_0,25.0,0.0,25.0,347.24961369105773,312.34743756946716,0.05,118
2025-03-29,SKU_0,25.0,0.0,25.0,605.1190832629311,564.0321096524655,0.1,136
2025-03-30,SKU_0,25.0,0.0,25.0,444.6341872784109,432.9762069369883,0.05,129
2025-03-31,SKU_0,25.0,0.0,25.0,974.5408858501934,878.5221688604473,0.1,135
2025-04-01,SKU_0,25.0,0.0,25.0,864.0224418394755,831.2594320553129,0.05,135
2025-04-02,SKU_0,25.0,0.0,25.0,749.5565690483859,770.9857992692565,0.05,153
2025-04-03,SKU_0,25.0,0.0,25.0,312.38642777406017,342.4972132127829,0.05,104
2025-04-04,SKU_0,25.0,0.0,25.0,330.4614904851916,365.7805342484837,0.1,120
2025-04-05,SKU_0,25.0,0.0,25.0,136.3902305845882,154.0004107937652,0.15,131
2025-04-06,SKU_0,25.0,0.0,25.0,739.5966007172086,811.8438452495207,0.05,101
2025-04-07,SKU_0,25.0,0.0,25.0,199.8017387306482,214.27053565575332,0.05,120
2025-04-08,SKU_0,25.0,0.0,25.0,495.4028516791931,443.3868346115753,0.15,141
2025-04-09,SKU_0,25.0,0.0,25.0,281.5472821018566,270.3104927707097,0.05,139
2025-04-10,SKU_0,25.0,0.0,25.0,906.1872361061675,898.1094435303391,0.05,119
2025-04-11,SKU_0,25.0,0.0,25.0,527.8332008639006,439.7676773524175,0.15,155
2025-04-12,SKU_0,25.0,0.0,25.0,606.9480147787453,613.8356902988947,0.05,118
2025-04-13,SKU_0,25.0,0.0,25.0,725.9644777835148,707.4773078790074,0.05,118
2025-04-14,SKU_0,25.0,0.0,25.0,225.39830896528812,252.6362745066477,0.05,124
2025-04-15,SKU_0,25.0,0.0,25.0,643.9756413500355,767.0781972150925,0.05,114
2025-04-16,SKU_0,25.0,0.0,25.0,585.8569821715058,598.9813593417231,0.05,111
2025-04-17,SKU_0,25.0,0.0,25.0,282.75510226129245,262.70057089533606,0.1,124
2025-04-18,SKU_0,25.0,0.2,20.0,948.568213502183,775.3220121928437,0.05,117
2025-04-19,SKU_0,25.0,0.2,20.0,638.9789198396824,747.5141744250419,0.05,140
2025-04-20,SKU_0,25.0,0.2,20.0,725.3064397357341,846.9013706501581,0.05,147
2025-04-21,SKU_0,25.0,0.2,20.0,892.421055113732,804.2463451511292,0.05,143
2025-04-22,SKU_0,25.0,0.2,20.0,661.9186433204139,713.6571495190021,0.15,141
2025-04-23,SKU_0,25.0,0.2,20.0,366.07031725394256,303.9019932371778,0.05,122
2025-04-24,SKU_0,25.0,0.2,20.0,194.94483384724356,168.91700298035371,0.05,128
2025-04-25,SKU_0,25.0,0.2,20.0,510.88111343461924,453.010361857964,0.1,131
2025-04-26,SKU_0,25.0,0.2,20.0,296.5963934951502,272.2154518116111,0.05,129
2025-04-27,SKU_0,25.0,0.2,20.0,474.8589530833296,569.0389401442555,0.05,116
2025-04-28,SKU_0,25.0,0.2,20.0,894.9522330269815,965.4476404206952,0.05,128
2025-04-29,SKU_0,25.0,0.2,20.0,391.91051890474654,373.75751076379083,0.05,131
2025-04-30,SKU_0,25.0,0.2,20.0,209.87915923060604,229.78415794873249,0.05,141
2025-05-01,SKU_0,25.0,0.2,20.0,420.66805426927743,490.5417486440025,0.05,109
2025-05-02,SKU_0,25.0,0.2,20.0,916.1455973911786,1084.2408738149518,0.1,136
2025-05-03,SKU_0,25.0,0.2,20.0,344.91902444617176,283.91856322303397,0.05,139
2025-05-04,SKU_0,25.0,0.2,20.0,682.9211084872261,654.1077924009162,0.05,146
2025-05-05,SKU_0,25.0,0.2,20.0,100.46833929578423,84.66491329835921,0.05,123
2025-05-06,SKU_0,25.0,0.2,20.0,417.3119707007521,389.87956181098684,0.05,114
2025-05-07,SKU_0,25.0,0.2,20.0,374.30313234222615,324.8471936832361,0.1,126
2025-05-08,SKU_0,25.0,0.2,20.0,248.19026782864756,262.76880151375104,0.05,123
2025-05-09,SKU_0,25.0,0.2,20.0,580.6804774378977,554.7283301860301,0.05,126
2025-05-10,SKU_0,25.0,0.2,20.0,536.3469742230849,478.29165048307743,0.1,133
2025-05-11,SKU_0,25.0,0.2,20.0,723.1924296012432,655.4836613121951,0.05,113
2025-05-12,SKU_0,25.0,0.2,20.0,342.4711004186693,323.3399928491028,0.05,133
2025-05-13,SKU_0,25.0,0.2,20.0,319.7129700229967,289.01411310248017,0.05,106
2025-05-14,SKU_0,25.0,0.2,20.0,251.4619379556375,246.75867904620284,0.05,97
2025-05-15,SKU_0,25.0,0.2,20.0,296.88779761576325,241.34792271373175,0.1,127
2025-05-16,SKU_0,25.0,0.2,20.0,602.2918018156071,549.2331481785008,0.05,110
2025-05-17,SKU_0,25.0,0.2,20.0,463.4525539522367,446.9919651580051,0.05,113
2025-05-18,SKU_0,25.0,0.2,20.0,158.4030223980834,164.9154067021849,0.05,115
2025-05-19,SKU_0,25.0,0.2,20.0,328.52387254091025,298.4255196381786,0.1,104
2025-05-20,SKU_0,25.0,0.2,20.0,322.18845655474104,274.91504921654877,0.05,119
2025-05-21,SKU_0,25.0,0.2,20.0,726.6738455558095,603.4882055951022,0.1,111
2025-05-22,SKU_0,25.0,0.2,20.0,741.0435309319978,871.6248351993293,0.05,112
2025-05-23,SKU_0,25.0,0.2,20.0,233.2782369580599,225.4997195012878,0.1,177
2025-05-24,SKU_0,25.0,0.2,20.0,997.9664365440477,1030.3654652802093,0.15,130
2025-05-25,SKU_0,25.0,0.2,20.0,340.1029128477565,397.12817935845743,0.1,137
2025-05-26,SKU_0,25.0,0.2,20.0,978.9534602493876,815.5655090490033,0.1,147
2025-05-27,SKU_0,25.0,0.2,20.0,469.93331198640817,540.73562381794,0.05,118
2025-05-28,SKU_0,25.0,0.2,20.0,129.74565961049353,132.4229806309465,0.05,147
2025-05-29,SKU_0,25.0,0.2,20.0,410.5641232240147,355.5213121396082,0.05,131
2025-05-30,SKU_0,25.0,0.2,20.0,670.9162102312274,647.100057888045,0.05,121
2025-05-31,SKU_0,25.0,0.2,20.0,712.6349063992901,791.7665373936427,0.05,123
2025-06-01,SKU_0,25.0,0.2,20.0,,573.3039353943358,0.05,138
2025-06-02,SKU_0,25.0,0.2,20.0,,600.6453425988665,0.05,138
2025-06-03,SKU_0,25.0,0.2,20.0,,568.1392771593875,0.05,120
2025-06-04,SKU_0,25.0,0.2,20.0,,696.6629101594914,0.1,144
2025-06-05,SKU_0,25.0,0.2,20.0,,165.37279441760592,0.05,153
2025-06-06,SKU_0,25.0,0.2,20.0,,489.65930682917593,0.1,120
2025-06-07,SKU_0,25.0,0.2,20.0,,326.72955836765806,0.1,128
2025-06-08,SKU_0,25.0,0.2,20.0,822.8257807419063,679.164292901021,0.15,146
2025-06-09,SKU_0,25.0,0.2,20.0,523.2705710014345,426.3235766824374,0.05,140
2025-06-10,SKU_0,25.0,0.2,20.0,985.0808268053587,840.8067237873977,0.1,144
2025-06-11,SKU_0,25.0,0.2,20.0,458.94199820009777,369.66345410288767,0.15,166
2025-06-12,SKU_0,25.0,0.2,20.0,834.7886858974456,692.9945051027959,0.15,154
2025-06-13,SKU_0,25.0,0.2,20.0,818.510612486096,881.2787199457474,0.05,127
2025-06-14,SKU_0,25.0,0.2,20.0,235.64578956888653,238.88321160811373,0.05,157
2025-06-15,SKU_0,25.0,0.2,20.0,557.3788990666468,613.0968904284441,0.05,128
2025-06-16,SKU_0,25.0,0.2,20.0,726.2315261117936,846.2531240314717,0.05,145
2025-06-17,SKU_0,25.0,0.0,25.0,872.5229243323479,902.2408919124089,0.05,108
2025-06-18,SKU_0,25.0,0.0,25.0,393.36301468169626,428.94204544428504,0.1,128
2025-06-19,SKU_0,25.0,0.0,25.0,298.2169428089935,328.88333085969845,0.1,119
2025-06-20,SKU_0,25.0,0.0,25.0,740.034579194216,703.8766522480169,0.05,113
2025-06-21,SKU_0,25.0,0.0,25.0,828.5509415257438,742.7411791463121,0.1,130
2025-06-22,SKU_0,25.0,0.0,25.0,413.79938856255643,364.97856347548856,0.05,124
2025-06-23,SKU_0,25.0,0.0,25.0,186.55889598227867,168.01064635318775,0.1,129
2025-06-24,SKU_0,25.0,0.0,25.0,946.4709380406435,861.1870150887962,0.15,112
2025-06-25,SKU_0,25.0,0.0,25.0,457.81481897877006,404.2006106302238,0.05,116
2025-06-26,SKU_0,25.0,0.0,25.0,565.976215474732,651.6017762724122,0.05,122
2025-06-27,SKU_0,25.0,0.0,25.0,853.9390953165952,941.7237378863164,0.1,136
2025-06-28,SKU_0,25.0,0.0,25.0,708.1211053353527,579.7802357117391,0.05,133
2025-06-29,SKU_0,25.0,0.0,25.0,761.694507316695,691.214147383684,0.05,109
2025-06-30,SKU_0,25.0,0.0,25.0,288.16445866394236,233.08870860225835,0.1,136
2025-07-01,SKU_0,25.0,0.0,25.0,587.3031764448092,586.872139760389,0.05,125
2025-07-02,SKU_0,25.0,0.0,25.0,726.205959410574,719.2955859057568,0.1,116
2025-07-03,SKU_0,25.0,0.0,25.0,305.6950196175697,346.2144652797135,0.05,141
2025-07-04,SKU_0,25.0,0.0,25.0,257.45943438634254,237.66360913645167,0.1,121
2025-07-05,SKU_0,25.0,0.0,25.0,983.9515089964921,1108.4747976316348,0.05,109
2025-07-06,SKU_0,25.0,0.0,25.0,564.9723021439129,670.7291883853098,0.15,173
2025-07-07,SKU_0,25.0,0.0,25.0,334.7462573473681,279.63473463404665,0.1,143
2025-07-08,SKU_0,25.0,0.0,25.0,996.6283297821319,1112.9619001626322,0.05,119
2025-07-09,SKU_0,25.0,0.0,25.0,968.8774161599142,1003.7399110347383,0.05,154
2025-07-10,SKU_0,25.0,0.0,25.0,602.4641082463878,597.6554727719345,0.15,154
2025-07-11,SKU_0,25.0,0.0,25.0,894.3727088704057,865.944456512968,0.05,153
2025-07-12,SKU_0,25.0,0.0,25.0,269.83639750724143,300.56194103819064,0.05,144
2025-07-13,SKU_0,25.0,0.0,25.0,350.9842173329637,370.5496720545894,0.05,118
2025-07-14,SKU_0,25.0,0.0,25.0,730.3220469754941,819.4343853761739,0.05,134
2025-07-15,SKU_0,25.0,0.0,25.0,861.9950280144753,1001.0007112616848,0.1,159
2025-07-16,SKU_0,25.0,0.0,25.0,870.6918626902832,911.5320866550704,0.05,132
2025-07-17,SKU_0,25.0,0.0,25.0,464.05731440997107,553.2422111621571,0.05,133
2025-07-18,SKU_0,25.0,0.0,25.0,898.9930888848638,937.8611807770966,0.05,150
2025-07-19,SKU_0,25.0,0.0,25.0,865.8356038907615,913.1602113827904,0.05,147
2025-07-20,SKU_0,25.0,0.0,25.0,942.0714947988528,962.7275837099261,0.05,143
2025-07-21,SKU_0,25.0,0.0,25.0,806.8065860025492,674.8137033621263,0.05,141
2025-07-22,SKU_0,25.0,0.0,25.0,702.0894292428057,765.6698146170712,0.15,157
2025-07-23,SKU_0,25.0,0.0,25.0,622.6179592928092,634.4343284038113,0.05,120
2025-07-24,SKU_0,25.0,0.0,25.0,435.0544899055688,426.5118378019371,0.05,133
2025-07-25,SKU_0,25.0,0.0,25.0,946.1200982120006,1101.4621487064444,0.1,150
2025-07-26,SKU_0,25.0,0.0,25.0,976.2974530797856,897.3967839284109,0.05,151
2025-07-27,SKU_0,25.0,0.0,25.0,355.5288772637191,358.8853935407132,0.1,179
2025-07-28,SKU_0,25.0,0.0,25.0,374.8274743099541,404.4601157138691,0.05,130
2025-07-29,SKU_0,25.0,0.0,25.0,537.0523782276039,600.7407271088105,0.05,141
2025-07-30,SKU_0,25.0,0.0,25.0,503.5817286876226,495.39284679516805,0.05,143
2025-07-31,SKU_0,25.0,0.0,25.0,995.0117163497387,1131.1657027522494,0.05,134
2025-08-01,SKU_0,25.0,0.0,25.0,258.3327274096108,286.12082883474636,0.1,161
2025-08-02,SKU_0,25.0,0.0,25.0,116.26782725396879,96.09470709552642,0.05,133
2025-08-03,SKU_0,25.0,0.0,25.0,544.5043436650911,445.59213843739474,0.05,128
2025-08-04,SKU_0,25.0,0.0,25.0,260.94043829919593,273.54967359604984,0.05,140
2025-08-05,SKU_0,25.0,0.0,25.0,429.8219061245739,403.587882234332,0.05,134
2025-08-06,SKU_0,25.0,0.0,25.0,769.7534707509061,680.1944375101525,0.1,134
2025-08-07,SKU_0,25.0,0.0,25.0,748.8459318269164,772.704143586693,0.05,135
2025-08-08,SKU_0,25.0,0.0,25.0,377.2547126671503,353.3463024611015,0.05,147
2025-08-09,SKU_0,25.0,0.0,25.0,588.2862074994093,597.0548291382855,0.05,132
2025-08-10,SKU_0,25.0,0.0,25.0,557.932669154884,549.0323395243091,0.05,123
2025-08-11,SKU_0,25.0,0.0,25.0,672.6993563673059,695.5081983328093,0.1,158
2025-08-12,SKU_0,25.0,0.0,25.0,325.4156367450257,312.4381247912543,0.05,134
2025-08-13,SKU_0,25.0,0.0,25.0,630.8837628044895,680.7658678758312,0.1,143
2025-08-14,SKU_0,25.0,0.0,25.0,981.0035724475082,855.4615129402227,0.05,140
2025-08-15,SKU_0,25.0,0.0,25.0,538.0679376635096,580.3603931357737,0.05,200
2025-08-16,SKU_0,25.0,0.0,25.0,915.4889089466986,883.1396375524974,0.15,177
2025-08-17,SKU_0,25.0,0.0,25.0,490.95492895938577,564.4641581992049,0.05,145
2025-08-18,SKU_0,25.0,0.0,25.0,415.07056692520814,417.6001820972848,0.05,126
2025-08-19,SKU_0,25.0,0.0,25.0,680.5930258275083,809.391267491528,0.1,158
2025-08-20,SKU_0,25.0,0.0,25.0,702.0316536967897,730.6564034175324,0.05,152
2025-08-21,SKU_0,25.0,0.0,25.0,877.7508085647128,780.7941262900616,0.1,145
2025-08-22,SKU_0,25.0,0.0,25.0,307.16674141739975,346.70409395265546,0.05,137
2025-08-23,SKU_0,25.0,0.0,25.0,549.2740418962771,515.2372054258982,0.15,152
2025-08-24,SKU_0,25.0,0.0,25.0,614.8037792882648,577.3300661574805,0.1,144
2025-08-25,SKU_0,25.0,0.0,25.0,791.6986128756781,643.4307791864458,0.05,144
2025-08-26,SKU_0,25.0,0.0,25.0,139.24339457899038,141.95670858779226,0.15,160
2025-08-27,SKU_0,25.0,0.0,25.0,995.0954597176069,1008.7973286263292,0.05,145
2025-08-28,SKU_0,25.0,0.0,25.0,522.9500625918487,492.82635766635906,0.15,185
2025-08-29,SKU_0,25.0,0.0,25.0,351.6043076170827,407.0477027255721,0.05,146
2025-08-30,SKU_0,25.0,0.0,25.0,895.1446200396331,762.215070462365,0.05,134
2025-08-31,SKU_0,25.0,0.0,25.0,772.9468965076725,720.417274946849,0.05,150
2025-09-01,SKU_0,25.0,0.0,25.0,957.7646623215579,889.4119730661267,0.05,157
2025-09-02,SKU_0,25.0,0.0,25.0,397.6752742034623,332.8208930367358,0.05,163
2025-09-03,SKU_0,25.0,0.0,25.0,597.4884701519409,592.9823062876917,0.1,136
2025-09-04,SKU_0,25.0,0.0,25.0,615.0632222537545,661.263011528605,0.1,142
2025-09-05,SKU_0,25.0,0.0,25.0,982.2984253444411,986.8786917651183,0.15,147
2025-09-06,SKU_0,25.0,0.0,25.0,167.8116304055154,144.78637667396598,0.05,184
2025-09-07,SKU_0,25.0,0.0,25.0,375.12731735846364,356.7139626940738,0.05,149
2025-09-08,SKU_0,25.0,0.0,25.0,271.8199280353114,217.7380941647342,0.05,126
2025-09-09,SKU_0,25.0,0.0,25.0,341.62737120114116,391.9560668039562,0.05,128
2025-09-10,SKU_0,25.0,0.0,25.0,536.7518868486841,447.5473748163116,0.05,144
2025-09-11,SKU_0,25.0,0.0,25.0,435.41818038464436,452.36083861143123,0.05,144
2025-09-12,SKU_0,25.0,0.0,25.0,455.222320128525,543.7643352634122,0.1,125
2025-09-13,SKU_0,25.0,0.0,25.0,859.7918266536802,872.375961994435,0.05,131
2025-09-14,SKU_0,25.0,0.0,25.0,937.0151513297486,1095.9485725618222,0.05,123
2025-09-15,SKU_0,25.0,0.0,25.0,163.3745177645895,146.12978410539267,0.05,135
2025-09-16,SKU_0,25.0,0.0,25.0,288.02684585382417,317.9765004533977,0.05,144
2025-09-17,SKU_0,25.0,0.0,25.0,704.0291651416455,712.83396620865,0.05,112
2025-09-18,SKU_0,25.0,0.0,25.0,422.78210316654753,460.0742008533823,0.15,158
2025-09-19,SKU_0,25.0,0.0,25.0,328.7472841627649,271.19564877684275,0.05,125
2025-09-20,SKU_0,25.0,0.0,25.0,365.7615295770449,314.22413415521396,0.05,109
2025-09-21,SKU_0,25.0,0.0,25.0,390.29568781474046,333.0185355329266,0.05,120
2025-09-22,SKU_0,25.0,0.0,25.0,863.802815432207,928.4724516398827,0.1,134
2025-09-23,SKU_0,25.0,0.0,25.0,222.95919829782594,253.67768479044904,0.15,156
2025-09-24,SKU_0,25.0,0.0,25.0,738.0198972191067,811.708595575586,0.1,109
2025-09-25,SKU_0,25.0,0.0,25.0,597.537979217117,485.3136908004245,0.05,123
2025-09-26,SKU_0,25.0,0.0,25.0,366.85912928301866,420.7455965697199,0.05,134
2025-09-27,SKU_0,25.0,0.0,25.0,477.8027708016488,449.92712087137295,0.05,125
2025-09-28,SKU_0,25.0,0.0,25.0,330.58624923501225,316.9877600757407,0.15,130
2025-09-29,SKU_0,25.0,0.0,25.0,650.3623397791125,547.5710544299899,0.1,113
2025-09-30,SKU_0,25.0,0.0,25.0,173.43476236021633,189.90448856100022,0.05,136
2025-10-01,SKU_0,25.0,0.0,25.0,104.6663764965881,91.36469841879966,0.1,131
2025-10-02,SKU_0,25.0,0.0,25.0,665.1049734537725,682.1223737854349,0.1,117
2025-10-03,SKU_0,25.0,0.0,25.0,274.846558160838,312.3037449406689,0.05,122
2025-10-04,SKU_0,25.0,0.0,25.0,163.8468252999349,136.92379866494082,0.15,120
2025-10-05,SKU_0,25.0,0.0,25.0,457.10544449249954,463.5662759707831,0.15,154
2025-10-06,SKU_0,25.0,0.0,25.0,145.69167793545725,130.1444184766765,0.05,99
2025-10-07,SKU_0,25.0,0.0,25.0,897.955434055594,841.5375637493987,0.05,113
2025-10-08,SKU_0,25.0,0.0,25.0,124.85509468633424,123.55510051538273,0.05,131
2025-10-09,SKU_0,25.0,0.0,25.0,620.9784059568028,584.9875664449557,0.05,109
2025-10-10,SKU_0,25.0,0.0,25.0,494.6267107162783,524.0714115054287,0.05,126
2025-10-11,SKU_0,25.0,0.0,25.0,704.8235217656794,699.0671157862304,0.05,105
2025-10-12,SKU_0,25.0,0.0,25.0,395.33740072725874,408.65228289904843,0.15,111
2025-10-13,SKU_0,25.0,0.0,25.0,239.53745505496977,262.228596277336,0.05,103
2025-10-14,SKU_0,25.0,0.0,25.0,983.656799479478,1006.376228487278,0.05,102
2025-10-15,SKU_0,25.0,0.0,25.0,855.040151862427,884.6366603399536,0.05,112
2025-10-16,SKU_0,25.0,0.0,25.0,874.3641564805077,896.9082521448166,0.05,143
2025-10-17,SKU_0,25.0,0.2,20.0,325.2262244642776,309.4556959988452,0.1,166
2025-10-18,SKU_0,25.0,0.2,20.0,134.9512609864809,126.17655908794906,0.05,134
2025-10-19,SKU_0,25.0,0.2,20.0,372.93896320590056,432.5565975815796,0.05,114
2025-10-20,SKU_0,25.0,0.2,20.0,583.37418447699,608.4721605136917,0.05,109
2025-10-21,SKU_0,25.0,0.2,20.0,393.9861176164368,353.6975945126874,0.1,154
2025-10-22,SKU_0,25.0,0.2,20.0,845.0821034088298,844.4897677337796,0.1,127
2025-10-23,SKU_0,25.0,0.2,20.0,344.38862423776766,321.0182029851621,0.05,153
2025-10-24,SKU_0,25.0,0.2,20.0,968.7266473516928,1136.7781779175907,0.05,122
2025-10-25,SKU_0,25.0,0.2,20.0,511.5386454523557,410.77256352666484,0.05,135
2025-10-26,SKU_0,25.0,0.2,20.0,857.8207675107832,763.5746754002718,0.05,129
2025-10-27,SKU_0,25.0,0.2,20.0,274.94203059538575,260.1344028335316,0.05,136
2025-10-28,SKU_0,25.0,0.2,20.0,470.2185145510107,467.9256916086922,0.05,127
2025-10-29,SKU_0,25.0,0.2,20.0,729.5609896904745,831.9380998957922,0.05,106
2025-10-30,SKU_0,25.0,0.2,20.0,224.51778317602123,187.50716039296083,0.05,134
2025-10-31,SKU_0,25.0,0.2,20.0,219.47088001867283,246.322254362629,0.1,137
2025-11-01,SKU_0,25.0,0.2,20.0,972.5831804027431,799.7176033939214,0.05,109
2025-11-02,SKU_0,25.0,0.2,20.0,743.1355937619569,844.8898913117031,0.05,147
2025-11-03,SKU_0,25.0,0.2,20.0,136.9607650910882,112.39742589508546,0.05,135
2025-11-04,SKU_0,25.0,0.2,20.0,458.9388113003151,370.4999221370121,0.05,113
2025-11-05,SKU_0,25.0,0.2,20.0,490.16866382266784,528.7863985557509,0.1,136
2025-11-06,SKU_0,25.0,0.2,20.0,769.6383786992038,922.7211561305448,0.05,114
2025-11-07,SKU_0,25.0,0.2,20.0,325.77447461199506,377.4566746304298,0.05,163
2025-11-08,SKU_0,25.0,0.2,20.0,265.90030689823305,273.9835079455551,0.1,146
2025-11-09,SKU_0,25.0,0.2,20.0,172.78566995547789,201.6336622128623,0.05,98
2025-11-10,SKU_0,25.0,0.2,20.0,485.48302744609697,389.41564721743487,0.05,93
2025-11-11,SKU_0,25.0,0.2,20.0,719.6499106888298,856.4027272426968,0.1,145
2025-11-12,SKU_0,25.0,0.2,20.0,152.37423595759924,151.81037688075213,0.05,135
2025-11-13,SKU_0,25.0,0.2,20.0,923.6923548638324,1006.0473230152421,0.05,85
2025-11-14,SKU_0,25.0,0.2,20.0,498.117006757994,562.0476293944374,0.15,157
2025-11-15,SKU_0,25.0,0.2,20.0,315.8086232416629,343.4048992176721,0.05,122
2025-11-16,SKU_0,25.0,0.2,20.0,184.48596107316257,187.07147514682987,0.05,111
2025-11-17,SKU_0,25.0,0.2,20.0,264.5793973965766,262.1049962763146,0.05,101
2025-11-18,SKU_0,25.0,0.2,20.0,941.1525976057387,1068.6157394565278,0.15,135
2025-11-19,SKU_0,25.0,0.2,20.0,674.4435344590154,594.8801213693853,0.05,142
2025-11-20,SKU_0,25.0,0.2,20.0,565.02663168391,670.7982761018873,0.05,146
2025-11-21,SKU_0,25.0,0.2,20.0,691.4001956501502,749.741229706395,0.05,128
2025-11-22,SKU_0,25.0,0.2,20.0,492.10560881010196,432.95587822394424,0.05,138
2025-11-23,SKU_0,25.0,0.2,20.0,757.0353849056366,828.5743759632596,0.05,111
2025-11-24,SKU_0,25.0,0.2,20.0,142.9445149224839,144.65070197804408,0.05,126
2025-11-25,SKU_0,25.0,0.2,20.0,609.4334894446687,659.9506735672871,0.05,105
2025-11-26,SKU_0,25.0,0.2,20.0,242.78180287824193,268.7865989318936,0.05,131
2025-11-27,SKU_0,25.0,0.2,20.0,208.14818302507797,173.78626333107186,0.05,121
2025-11-28,SKU_0,25.0,0.2,20.0,407.69170004476143,408.6871129828179,0.05,97
2025-11-29,SKU_0,25.0,0.2,20.0,182.6191592320977,214.17679761576528,0.05,115
2025-11-30,SKU_0,25.0,0.2,20.0,184.7412894417041,171.48737236494864,0.05,120
2025-12-01,SKU_0,25.0,0.2,20.0,380.2719784521648,394.5524229527887,0.1,104
2025-12-02,SKU_0,25.0,0.2,20.0,981.5594757593577,930.2162517535777,0.05,101
2025-12-03,SKU_0,25.0,0.2,20.0,257.7972429004047,253.08140663074036,0.05,156
2025-12-04,SKU_0,25.0,0.2,20.0,115.44499164857521,117.68938626636113,0.05,110
2025-12-05,SKU_0,25.0,0.2,20.0,787.0279807035198,802.4291675211358,0.1,132
2025-12-06,SKU_0,25.0,0.2,20.0,826.2216793457015,727.6469760212301,0.1,160
2025-12-07,SKU_0,25.0,0.2,20.0,411.67388898046073,442.0672037447944,0.05,129
2025-12-08,SKU_0,25.0,0.2,20.0,518.2064316456502,432.7786734695203,0.05,134
2025-12-09,SKU_0,25.0,0.2,20.0,684.7963143784871,585.8637287817993,0.15,156
2025-12-10,SKU_0,25.0,0.2,20.0,143.25303177733036,114.75776324584274,0.05,139
2025-12-11,SKU_0,25.0,0.2,20.0,954.2311584322473,807.9269349339581,0.05,115
2025-12-12,SKU_0,25.0,0.2,20.0,898.0123485682428,888.3735154424835,0.05,142
2025-12-13,SKU_0,25.0,0.2,20.0,334.80426100754255,349.01360575890664,0.05,164
2025-12-14,SKU_0,25.0,0.2,20.0,113.77408626134627,127.16709156786163,0.15,161
2025-12-15,SKU_0,25.0,0.2,20.0,940.0926772715346,792.1970152980299,0.1,137
2025-12-16,SKU_0,25.0,0.0,25.0,550.9358955237333,628.2272344313052,0.05,119
2025-12-17,SKU_0,25.0,0.0,25.0,585.4397035600563,643.041004888283,0.05,104
2025-12-18,SKU_0,25.0,0.0,25.0,715.5673924583269,689.3828618257339,0.15,141
2025-12-19,SKU_0,25.0,0.0,25.0,654.2660479509225,767.5687192185219,0.1,120
2025-12-20,SKU_0,25.0,0.0,25.0,949.5024441046814,1135.957939216411,0.05,128
2025-12-21,SKU_0,25.0,0.0,25.0,949.8264374126506,837.747605492525,0.15,141
2025-12-22,SKU_0,25.0,0.0,25.0,880.4790401995034,837.9443603616598,0.15,139
2025-12-23,SKU_0,25.0,0.0,25.0,672.7632377014102,787.5230356734558,0.1,138
2025-12-24,SKU_0,25.0,0.0,25.0,820.8543652141598,893.6137636143947,0.05,142
2025-12-25,SKU_0,25.0,0.0,25.0,709.4515081446835,581.2095335933484,0.05,138
2025-12-26,SKU_0,25.0,0.0,25.0,616.03033750474,685.3989219870584,0.1,126
2025-12-27,SKU_0,25.0,0.0,25.0,215.65031791051916,243.9385405407927,0.05,101
2025-12-28,SKU_0,25.0,0.0,25.0,830.0837590624027,913.2587908070261,0.1,123
2025-12-29,SKU_0,25.0,0.0,25.0,838.5755281695598,939.0493312764507,0.05,134
2025-12-30,SKU_0,25.0,0.0,25.0,663.3457030914155,749.6158486989265,0.05,143
2025-12-31,SKU_0,25.0,0.0,25.0,838.3841593941413,733.2189227774147,0.05,143
2025-01-01,SKU_1,45.0,0.0,45.0,395.3734782483804,427.36057898124625,0.05,101
2025-01-02,SKU_1,45.0,0.0,45.0,490.61742955648776,587.3312418732388,0.05,126
2025-01-03,SKU_1,45.0,0.0,45.0,179.7403867116555,153.2458714728598,0.05,123
2025-01-04,SKU_1,45.0,0.0,45.0,298.55075744009014,271.6491279666817,0.1,119
2025-01-05,SKU_1,45.0,0.0,45.0,638.402764657365,611.4815947375683,0.05,118
2025-01-06,SKU_1,45.0,0.0,45.0,762.0968028152708,738.2670047329497,0.05,125
2025-01-07,SKU_1,45.0,0.0,45.0,998.5127602536546,962.9741235572538,0.05,120
2025-01-08,SKU_1,45.0,0.0,45.0,939.8019982092019,1093.0314520870845,0.05,179
2025-01-09,SKU_1,45.0,0.0,45.0,678.3086795816724,736.3807597639471,0.05,135
2025-01-10,SKU_1,45.0,0.0,45.0,479.1232479646648,499.80320662364903,0.05,148
2025-01-11,SKU_1,45.0,0.0,45.0,672.5596282374095,621.2763426349635,0.05,126
2025-01-12,SKU_1,45.0,0.0,45.0,807.0864562722088,911.6171897826815,0.05,172
2025-01-13,SKU_1,45.0,0.0,45.0,206.50257183104858,244.0910382152096,0.05,155
2025-01-14,SKU_1,45.0,0.0,45.0,468.91440072665944,529.1602007972481,0.05,132
2025-01-15,SKU_1,45.0,0.0,45.0,855.8220570720555,685.1934262754446,0.05,125
2025-01-16,SKU_1,45.0,0.0,45.0,445.4496567397396,469.7536341505512,0.05,128
2025-01-17,SKU_1,45.0,0.0,45.0,614.6850441044679,504.32089696238893,0.15,186
2025-01-18,SKU_1,45.0,0.0,45.0,628.9924247759784,568.0071358837857,0.05,156
2025-01-19,SKU_1,45.0,0.0,45.0,266.02862782027546,219.1570119981927,0.05,146
2025-01-20,SKU_1,45.0,0.0,45.0,426.01189748705957,443.6991366316586,0.05,137
2025-01-21,SKU_1,45.0,0.0,45.0,401.06015986773895,430.99367208175994,0.1,135
2025-01-22,SKU_1,45.0,0.0,45.0,123.57703767885832,104.5208474083002,0.1,176
2025-01-23,SKU_1,45.0,0.0,45.0,121.77258750221972,116.11449159071539,0.05,139
2025-01-24,SKU_1,45.0,0.0,45.0,848.5273393081961,833.6735318622793,0.15,126
2025-01-25,SKU_1,45.0,0.0,45.0,345.7637289755312,327.6530427779219,0.05,147
2025-01-26,SKU_1,45.0,0.0,45.0,566.2708896149338,480.42988556810633,0.05,148
2025-01-27,SKU_1,45.0,0.0,45.0,368.85301622989573,356.8944754053165,0.1,149
2025-01-28,SKU_1,45.0,0.0,45.0,946.6113206038065,1041.7185140208514,0.1,146
2025-01-29,SKU_1,45.0,0.0,45.0,333.36708297919637,276.1623135812038,0.05,163
2025-01-30,SKU_1,45.0,0.0,45.0,486.69113146504156,404.96206588179507,0.05,132
2025-01-31,SKU_1,45.0,0.0,45.0,885.4572254361417,834.0197018423079,0.05,121
2025-02-01,SKU_1,45.0,0.0,45.0,857.7402101126278,1009.2945719910945,0.05,173
2025-02-02,SKU_1,45.0,0.0,45.0,267.4912760616496,285.5279610140504,0.1,161
2025-02-03,SKU_1,45.0,0.0,45.0,822.3789788161394,881.1527454215424,0.05,131
2025-02-04,SKU_1,45.0,0.0,45.0,512.3681980641034,484.06907587087215,0.05,153
2025-02-05,SKU_1,45.0,0.0,45.0,534.6719848768197,554.7031053330608,0.05,152
2025-02-06,SKU_1,45.0,0.0,45.0,220.1319751743494,176.99765915983232,0.05,161
2025-02-07,SKU_1,45.0,0.0,45.0,172.54136238141217,181.9342412863027,0.05,137
2025-02-08,SKU_1,45.0,0.0,45.0,755.1453762763887,879.9820672914196,0.05,136
2025-02-09,SKU_1,45.0,0.0,45.0,546.8150371197698,571.4377832284392,0.15,183
2025-02-10,SKU_1,45.0,0.0,45.0,493.1656323536616,566.8837536162631,0.1,137
2025-02-11,SKU_1,45.0,0.0,45.0,756.5574057871571,824.3367953110175,0.05,169
2025-02-12,SKU_1,45.0,0.0,45.0,788.9616090919988,669.2156721517745,0.1,168
2025-02-13,SKU_1,45.0,0.0,45.0,243.0173509024182,282.138605541827,0.1,162
2025-02-14,SKU_1,45.0,0.0,45.0,649.2026345298772,536.6163151455266,0.1,157
2025-02-15,SKU_1,45.0,0.0,45.0,221.81867404991698,224.83252193846576,0.05,146
2025-02-16,SKU_1,45.0,0.0,45.0,776.2375774261411,665.1229325952141,0.05,129
2025-02-17,SKU_1,45.0,0.0,45.0,691.2596406404256,556.2446355231253,0.05,149
2025-02-18,SKU_1,45.0,0.0,45.0,960.9531589751122,930.9845893662413,0.05,159
2025-02-19,SKU_1,45.0,0.0,45.0,162.06221472077905,148.77575198271063,0.05,139
2025-02-20,SKU_1,45.0,0.0,45.0,151.3492490361289,150.50172313588513,0.05,131
2025-02-21,SKU_1,45.0,0.0,45.0,353.96836722388014,364.8988943667991,0.05,131
2025-02-22,SKU_1,45.0,0.0,45.0,335.53511536231537,274.2984901590616,0.1,147
2025-02-23,SKU_1,45.0,0.0,45.0,322.2809191647998,273.6813813369518,0.05,120
2025-02-24,SKU_1,45.0,0.0,45.0,915.629122468933,937.1069968694842,0.05,134
2025-02-25,SKU_1,45.0,0.0,45.0,324.59157986455546,304.2289572213448,0.15,169
2025-02-26,SKU_1,45.0,0.0,45.0,344.7547535157679,376.35821320075144,0.15,148
2025-02-27,SKU_1,45.0,0.0,45.0,783.4584361761673,831.1841069155798,0.1,136
2025-02-28,SKU_1,45.0,0.0,45.0,504.765858205486,574.5455713591502,0.15,192
2025-03-01,SKU_1,45.0,0.0,45.0,799.0395012596631,860.5632501467992,0.05,155
2025-03-02,SKU_1,45.0,0.0,45.0,158.82954180794673,154.37793585870702,0.15,167
2025-03-03,SKU_1,45.0,0.0,45.0,538.8140743060459,576.0928145185658,0.05,126
2025-03-04,SKU_1,45.0,0.0,45.0,130.25224016495437,118.54939807037307,0.05,143
2025-03-05,SKU_1,45.0,0.0,45.0,156.3878831098191,144.27179434461002,0.05,125
2025-03-06,SKU_1,45.0,0.0,45.0,915.7937080099698,1021.6540244754567,0.05,137
2025-03-07,SKU_1,45.0,0.0,45.0,225.32083400583565,220.49171430550305,0.05,175
2025-03-08,SKU_1,45.0,0.0,45.0,579.1786140476954,648.304818879895,0.05,130
2025-03-09,SKU_1,45.0,0.0,45.0,469.9860423406359,530.5996484856071,0.1,152
2025-03-10,SKU_1,45.0,0.0,45.0,412.6089936329584,471.62236815434653,0.05,157
2025-03-11,SKU_1,45.0,0.0,45.0,909.8500111185452,1061.4802407035454,0.05,134
2025-03-12,SKU_1,45.0,0.0,45.0,119.64105709794055,116.33825662867234,0.1,166
2025-03-13,SKU_1,45.0,0.0,45.0,697.4107175580302,646.8810286747408,0.05,144
2025-03-14,SKU_1,45.0,0.0,45.0,967.0549907921953,998.8512740444756,0.05,154
2025-03-15,SKU_1,45.0,0.0,45.0,604.1513651156578,573.018822617778,0.05,166
2025-03-16,SKU_1,45.0,0.0,45.0,943.1402158297826,981.2710604260975,0.05,149
2025-03-17,SKU_1,45.0,0.0,45.0,147.0320913574214,159.12317909263783,0.05,160
2025-03-18,SKU_1,45.0,0.0,45.0,476.91398716674524,512.8551825952691,0.15,156
2025-03-19,SKU_1,45.0,0.0,45.0,334.14201186584603,317.37515158030254,0.05,116
2025-03-20,SKU_1,45.0,0.0,45.0,757.7388684826568,656.7656789581258,0.05,137
2025-03-21,SKU_1,45.0,0.0,45.0,983.167381447522,955.8468660909066,0.1,136
2025-03-22,SKU_1,45.0,0.0,45.0,330.877056199823,283.5740972099206,0.1,181
2025-03-23,SKU_1,45.0,0.0,45.0,688.757141326667,796.2299888439503,0.05,126
2025-03-24,SKU_1,45.0,0.0,45.0,278.28786948376614,261.13169624749025,0.05,129
2025-03-25,SKU_1,45.0,0.0,45.0,608.7972291144489,524.6516497392703,0.05,129
2025-03-26,SKU_1,45.0,0.0,45.0,517.5392380195026,419.29947612397234,0.05,108
2025-03-27,SKU_1,45.0,0.0,45.0,974.8047966683833,1031.6641413138614,0.05,121
2025-03-28,SKU_1,45.0,0.0,45.0,647.6745454268199,683.1418039169716,0.05,149
2025-03-29,SKU_1,45.0,0.0,45.0,414.5557348781369,388.1243521343746,0.15,157
2025-03-30,SKU_1,45.0,0.0,45.0,202.68620639914002,167.9629694010109,0.05,133
2025-03-31,SKU_1,45.0,0.0,45.0,236.1221458614411,227.58669815695805,0.05,104
2025-04-01,SKU_1,45.0,0.0,45.0,302.7852369561116,279.92101475995213,0.05,112
2025-04-02,SKU_1,45.0,0.0,45.0,325.8699952062682,348.95731601481964,0.05,121
2025-04-03,SKU_1,45.0,0.0,45.0,865.554452057024,902.1775321766347,0.05,103
2025-04-04,SKU_1,45.0,0.0,45.0,605.1005094542725,572.3267478338836,0.05,120
2025-04-05,SKU_1,45.0,0.0,45.0,571.0518202369299,506.61263207889834,0.1,127
2025-04-06,SKU_1,45.0,0.0,45.0,203.29198468229572,242.9775047447405,0.05,116
2025-04-07,SKU_1,45.0,0.0,45.0,874.1257240144914,858.0423775443159,0.05,130
2025-04-08,SKU_1,45.0,0.0,45.0,750.5328728876353,807.0552741159814,0.05,132
2025-04-09,SKU_1,45.0,0.0,45.0,160.9015257100014,137.76729533857178,0.05,113
2025-04-10,SKU_1,45.0,0.0,45.0,737.0515875067919,732.8031336097957,0.05,113
2025-04-11,SKU_1,45.0,0.0,45.0,589.1843956083815,477.8371987480365,0.05,131
2025-04-12,SKU_1,45.0,0.0,45.0,173.55281117210043,173.931511591554,0.05,125
2025-04-13,SKU_1,45.0,0.0,45.0,512.4705773757908,607.5886847910012,0.05,119
2025-04-14,SKU_1,45.0,0.0,45.0,536.2266584170422,511.39007947194233,0.1,126
2025-04-15,SKU_1,45.0,0.0,45.0,249.19708614694818,203.24474599956565,0.15,150
2025-04-16,SKU_1,45.0,0.0,45.0,951.1283323002541,772.6798377570636,0.1,107
2025-04-17,SKU_1,45.0,0.0,45.0,864.9778343325958,826.2222464135021,0.1,153
2025-04-18,SKU_1,45.0,0.2,36.0,702.1201035961975,606.6387728639631,0.05,135
2025-04-19,SKU_1,45.0,0.2,36.0,516.0660049005464,417.673293143693,0.15,157
2025-04-20,SKU_1,45.0,0.2,36.0,470.58898742605766,518.8175094874915,0.05,157
2025-04-21,SKU_1,45.0,0.2,36.0,685.8761204358588,674.4968893336822,0.15,160
2025-04-22,SKU_1,45.0,0.2,36.0,590.888682466215,541.0755308614371,0.15,140
2025-04-23,SKU_1,45.0,0.2,36.0,156.04579529369704,181.01831468467324,0.1,130
2025-04-24,SKU_1,45.0,0.2,36.0,561.2523838932985,475.07521442481243,0.15,158
2025-04-25,SKU_1,45.0,0.2,36.0,825.7632555095555,976.3556620880548,0.05,127
2025-04-26,SKU_1,45.0,0.2,36.0,513.3158898372623,475.11835383374586,0.05,144
2025-04-27,SKU_1,45.0,0.2,36.0,146.76091979884157,169.56191187934954,0.05,116
2025-04-28,SKU_1,45.0,0.2,36.0,807.6503794456298,840.9071207455745,0.05,121
2025-04-29,SKU_1,45.0,0.2,36.0,281.22740392237694,317.9790289713499,0.05,147
2025-04-30,SKU_1,45.0,0.2,36.0,332.75875139923494,397.18259773951814,0.05,135
2025-05-01,SKU_1,45.0,0.2,36.0,248.2357180890663,227.2255868543442,0.15,156
2025-05-02,SKU_1,45.0,0.2,36.0,397.1935583843478,470.4575761228819,0.05,100
2025-05-03,SKU_1,45.0,0.2,36.0,781.0763551197715,746.547123638027,0.1,140
2025-05-04,SKU_1,45.0,0.2,36.0,567.4472735535436,541.4608905489948,0.15,170
2025-05-05,SKU_1,45.0,0.2,36.0,284.39314673564127,266.2360212633817,0.15,156
2025-05-06,SKU_1,45.0,0.2,36.0,890.0470703368368,904.7889581805872,0.15,150
2025-05-07,SKU_1,45.0,0.2,36.0,891.6236694563763,768.2746831760268,0.05,151
2025-05-08,SKU_1,45.0,0.2,36.0,883.5205825414063,902.502663674476,0.15,153
2025-05-09,SKU_1,45.0,0.2,36.0,314.9165902433854,320.1700051717448,0.1,167
2025-05-10,SKU_1,45.0,0.2,36.0,506.11540976288927,559.1364270445522,0.05,132
2025-05-11,SKU_1,45.0,0.2,36.0,986.4906905267876,1118.1477230652056,0.05,131
2025-05-12,SKU_1,45.0,0.2,36.0,794.8112286789914,775.8760752643337,0.1,144
2025-05-13,SKU_1,45.0,0.2,36.0,124.45067910300384,114.61077456128754,0.05,152
2025-05-14,SKU_1,45.0,0.2,36.0,158.68413213444285,143.40823895272948,0.05,108
2025-05-15,SKU_1,45.0,0.2,36.0,517.5382391310995,454.3207024013509,0.05,104
2025-05-16,SKU_1,45.0,0.2,36.0,918.2981852754042,755.8136162678751,0.05,122
2025-05-17,SKU_1,45.0,0.2,36.0,584.8316181574428,547.9750567646147,0.05,141
2025-05-18,SKU_1,45.0,0.2,36.0,548.0312572308612,497.6666787775577,0.1,124
2025-05-19,SKU_1,45.0,0.2,36.0,194.9263299609675,231.2931416637384,0.05,127
2025-05-20,SKU_1,45.0,0.2,36.0,691.1020942518646,707.0551705231536,0.05,124
2025-05-21,SKU_1,45.0,0.2,36.0,839.892844540203,788.5844756940952,0.05,125
2025-05-22,SKU_1,45.0,0.2,36.0,442.3780067568061,456.61684553124337,0.05,147
2025-05-23,SKU_1,45.0,0.2,36.0,798.0506658327947,682.8749407425001,0.15,142
2025-05-24,SKU_1,45.0,0.2,36.0,968.0289885107304,946.3620793664727,0.05,144
2025-05-25,SKU_1,45.0,0.2,36.0,283.3898132149202,297.6992215224512,0.05,152
2025-05-26,SKU_1,45.0,0.2,36.0,570.9966680752672,568.4609476532986,0.05,132
2025-05-27,SKU_1,45.0,0.2,36.0,358.424162276118,344.3422218388262,0.05,140
2025-05-28,SKU_1,45.0,0.2,36.0,813.5689771304554,974.2808685763157,0.1,124
2025-05-29,SKU_1,45.0,0.2,36.0,619.8340292930418,714.1268418619994,0.1,160
2025-05-30,SKU_1,45.0,0.2,36.0,671.1241757952733,704.2524645784654,0.05,137
2025-05-31,SKU_1,45.0,0.2,36.0,818.1227436543047,840.8264224854827,0.05,130
2025-06-01,SKU_1,45.0,0.2,36.0,,478.39991999120764,0.05,161
2025-06-02,SKU_1,45.0,0.2,36.0,,813.2360693525912,0.05,136
2025-06-03,SKU_1,45.0,0.2,36.0,,555.4094306792089,0.05,151
2025-06-04,SKU_1,45.0,0.2,36.0,,197.54967022678767,0.05,134
2025-06-05,SKU_1,45.0,0.2,36.0,,719.2047511098812,0.05,138
2025-06-06,SKU_1,45.0,0.2,36.0,,827.9429049987634,0.05,142
2025-06-07,SKU_1,45.0,0.2,36.0,,343.14965674225374,0.15,162
2025-06-08,SKU_1,45.0,0.2,36.0,871.4613312988777,1033.2146100636544,0.15,166
2025-06-09,SKU_1,45.0,0.2,36.0,915.5289292891898,1065.475945906748,0.05,119
2025-06-10,SKU_1,45.0,0.2,36.0,349.21403864002804,380.2442532040759,0.1,150
2025-06-11,SKU_1,45.0,0.2,36.0,985.1693254436999,998.3259184595446,0.05,132
2025-06-12,SKU_1,45.0,0.2,36.0,226.64037524388257,260.18035491236867,0.05,156
2025-06-13,SKU_1,45.0,0.2,36.0,281.814101562241,240.1791504064369,0.1,150
2025-06-14,SKU_1,45.0,0.2,36.0,265.8023553142235,296.68963033826947,0.15,153
2025-06-15,SKU_1,45.0,0.2,36.0,904.5907390070834,768.8372921455615,0.15,155
2025-06-16,SKU_1,45.0,0.2,36.0,688.8632970924657,769.9316679098827,0.05,155
2025-06-17,SKU_1,45.0,0.0,45.0,236.8938549000456,215.64614083982664,0.05,131
2025-06-18,SKU_1,45.0,0.0,45.0,496.2910765315141,571.1497526928786,0.1,118
2025-06-19,SKU_1,45.0,0.0,45.0,653.7682225628218,769.8884667321435,0.05,113
2025-06-20,SKU_1,45.0,0.0,45.0,175.11767649044498,150.51686296570287,0.05,129
2025-06-21,SKU_1,45.0,0.0,45.0,894.1747315666048,880.8249192379898,0.05,128
2025-06-22,SKU_1,45.0,0.0,45.0,823.2431818973816,981.6310137578329,0.05,131
2025-06-23,SKU_1,45.0,0.0,45.0,554.6860962189744,551.004630392447,0.05,143
2025-06-24,SKU_1,45.0,0.0,45.0,970.4139537332534,1111.530589210561,0.05,133
2025-06-25,SKU_1,45.0,0.0,45.0,475.98488134758975,492.87882656097673,0.15,133
2025-06-26,SKU_1,45.0,0.0,45.0,985.699287132848,936.544398776674,0.05,132
2025-06-27,SKU_1,45.0,0.0,45.0,701.1279989232644,641.0507401030231,0.05,135
2025-06-28,SKU_1,45.0,0.0,45.0,671.2041459285473,591.5249892569965,0.05,122
2025-06-29,SKU_1,45.0,0.0,45.0,249.3594057662065,275.4721423392506,0.05,138
2025-06-30,SKU_1,45.0,0.0,45.0,893.7349824741796,853.1738952157593,0.05,123
2025-07-01,SKU_1,45.0,0.0,45.0,484.7407191285536,486.92698939083317,0.05,123
2025-07-02,SKU_1,45.0,0.0,45.0,246.0100652042314,245.25486153810323,0.1,143
2025-07-03,SKU_1,45.0,0.0,45.0,111.34676797818314,114.78867603322341,0.05,125
2025-07-04,SKU_1,45.0,0.0,45.0,603.7801152745443,692.0713997253167,0.15,137
2025-07-05,SKU_1,45.0,0.0,45.0,574.6596599104087,685.1642629860913,0.05,117
2025-07-06,SKU_1,45.0,0.0,45.0,747.4182601322427,719.788960117642,0.05,145
2025-07-07,SKU_1,45.0,0.0,45.0,901.2322477160219,1019.3004934517787,0.05,146
2025-07-08,SKU_1,45.0,0.0,45.0,171.46592617872656,189.6089275029214,0.05,150
2025-07-09,SKU_1,45.0,0.0,45.0,758.3468413063262,780.6510205386862,0.1,131
2025-07-10,SKU_1,45.0,0.0,45.0,268.670749687824,317.68136087470754,0.05,140
2025-07-11,SKU_1,45.0,0.0,45.0,872.3593478414476,767.8418053232332,0.05,147
2025-07-12,SKU_1,45.0,0.0,45.0,837.1571624754905,706.3142564855636,0.1,156
2025-07-13,SKU_1,45.0,0.0,45.0,586.71437948699,669.7842098086879,0.15,139
2025-07-14,SKU_1,45.0,0.0,45.0,739.2185187609804,721.2258857952465,0.1,149
2025-07-15,SKU_1,45.0,0.0,45.0,382.9151018653736,436.058947526497,0.05,148
2025-07-16,SKU_1,45.0,0.0,45.0,524.0511090395332,606.4508522336272,0.1,162
2025-07-17,SKU_1,45.0,0.0,45.0,839.4732079394245,692.5511569417711,0.05,126
2025-07-18,SKU_1,45.0,0.0,45.0,513.3386774558926,592.0775951687732,0.05,164
2025-07-19,SKU_1,45.0,0.0,45.0,422.0184387928976,413.2943141655622,0.05,151
2025-07-20,SKU_1,45.0,0.0,45.0,544.7912025252699,547.0646138172489,0.05,134
2025-07-21,SKU_1,45.0,0.0,45.0,845.4243271934965,888.2340826009815,0.05,116
2025-07-22,SKU_1,45.0,0.0,45.0,401.68724263378544,470.1962240755512,0.05,165
2025-07-23,SKU_1,45.0,0.0,45.0,256.3854338221694,207.06878232307977,0.1,175
2025-07-24,SKU_1,45.0,0.0,45.0,740.8126182977027,733.950757951234,0.05,126
2025-07-25,SKU_1,45.0,0.0,45.0,843.3803914372736,906.7088272878698,0.05,135
2025-07-26,SKU_1,45.0,0.0,45.0,190.57373067118,207.550568981172,0.05,155
2025-07-27,SKU_1,45.0,0.0,45.0,315.8867014803502,340.21407537084957,0.15,136
2025-07-28,SKU_1,45.0,0.0,45.0,227.7747907848945,194.46820601794568,0.05,131
2025-07-29,SKU_1,45.0,0.0,45.0,413.14727042395,379.99560438425306,0.05,142
2025-07-30,SKU_1,45.0,0.0,45.0,505.31588101487137,476.7585655158213,0.1,139
2025-07-31,SKU_1,45.0,0.0,45.0,773.9437032669758,868.1906072364692,0.1,136
2025-08-01,SKU_1,45.0,0.0,45.0,686.0328263935068,625.3216303778651,0.05,149
2025-08-02,SKU_1,45.0,0.0,45.0,658.8357107305881,582.5965504340352,0.05,128
2025-08-03,SKU_1,45.0,0.0,45.0,417.137451948689,493.4649323728996,0.1,173
2025-08-04,SKU_1,45.0,0.0,45.0,857.3027977762839,688.8816458711335,0.05,139
2025-08-05,SKU_1,45.0,0.0,45.0,524.1584506583481,628.5332540262195,0.05,140
2025-08-06,SKU_1,45.0,0.0,45.0,981.194444213639,1050.5928746366455,0.1,161
2025-08-07,SKU_1,45.0,0.0,45.0,670.7279244661631,758.8533370543074,0.05,166
2025-08-08,SKU_1,45.0,0.0,45.0,213.63826740805246,196.08740487852478,0.05,142
2025-08-09,SKU_1,45.0,0.0,45.0,708.5598058678906,570.9051368401994,0.05,137
2025-08-10,SKU_1,45.0,0.0,45.0,392.5936138885291,429.94803545892734,0.05,153
2025-08-11,SKU_1,45.0,0.0,45.0,717.6944770174877,813.6199697345353,0.05,145
2025-08-12,SKU_1,45.0,0.0,45.0,162.67703334616516,178.32501084086894,0.1,163
2025-08-13,SKU_1,45.0,0.0,45.0,257.3932934583635,220.6221171346253,0.05,149
2025-08-14,SKU_1,45.0,0.0,45.0,870.1635330152077,958.3730274935388,0.05,131
2025-08-15,SKU_1,45.0,0.0,45.0,304.4616013211634,337.2122656700573,0.05,167
2025-08-16,SKU_1,45.0,0.0,45.0,853.3370127186461,907.4524087333493,0.05,150
2025-08-17,SKU_1,45.0,0.0,45.0,351.3484796089694,388.74825096395017,0.15,194
2025-08-18,SKU_1,45.0,0.0,45.0,678.5937190528368,772.4897655532463,0.05,147
2025-08-19,SKU_1,45.0,0.0,45.0,724.7355161588479,757.6686907067091,0.05,148
2025-08-20,SKU_1,45.0,0.0,45.0,561.3892778305476,469.0081168195663,0.05,156
2025-08-21,SKU_1,45.0,0.0,45.0,374.77960902705814,372.9248711647657,0.05,149
2025-08-22,SKU_1,45.0,0.0,45.0,291.3799387339865,242.15413433892803,0.05,156
2025-08-23,SKU_1,45.0,0.0,45.0,129.8704191061836,125.06744898254134,0.1,162
2025-08-24,SKU_1,45.0,0.0,45.0,373.55176111665145,359.6715472832792,0.15,144
2025-08-25,SKU_1,45.0,0.0,45.0,687.8465114781548,568.4390655885566,0.05,147
2025-08-26,SKU_1,45.0,0.0,45.0,944.4743366036344,887.3602862487272,0.05,136
2025-08-27,SKU_1,45.0,0.0,45.0,884.0840340367469,746.5198860093315,0.1,175
2025-08-28,SKU_1,45.0,0.0,45.0,789.4582988817723,886.7938367015108,0.1,176
2025-08-29,SKU_1,45.0,0.0,45.0,809.6026089279688,954.5823664506279,0.05,162
2025-08-30,SKU_1,45.0,0.0,45.0,698.4864131283957,578.9939606679189,0.05,166
2025-08-31,SKU_1,45.0,0.0,45.0,334.2581718094027,395.1085626701953,0.05,155
2025-09-01,SKU_1,45.0,0.0,45.0,916.4755276352469,924.751887950988,0.1,142
2025-09-02,SKU_1,45.0,0.0,45.0,703.6590807152506,647.244108397346,0.1,153
2025-09-03,SKU_1,45.0,0.0,45.0,604.396567882396,502.0993241048094,0.05,145
2025-09-04,SKU_1,45.0,0.0,45.0,199.89052229213297,199.9404364003914,0.05,132
2025-09-05,SKU_1,45.0,0.0,45.0,502.3499894257829,561.5299416900455,0.15,164
2025-09-06,SKU_1,45.0,0.0,45.0,514.3224440817337,556.9261333313675,0.1,129
2025-09-07,SKU_1,45.0,0.0,45.0,878.1072485704029,720.1273287496406,0.15,177
2025-09-08,SKU_1,45.0,0.0,45.0,591.9833981690097,490.8493890287474,0.1,148
2025-09-09,SKU_1,45.0,0.0,45.0,442.36049407336867,425.17448500042826,0.05,135
2025-09-10,SKU_1,45.0,0.0,45.0,979.1202956595934,898.9462028627505,0.05,154
2025-09-11,SKU_1,45.0,0.0,45.0,199.6485339936841,178.27690296344915,0.05,145
2025-09-12,SKU_1,45.0,0.0,45.0,480.29358548075015,438.2207317114352,0.05,148
2025-09-13,SKU_1,45.0,0.0,45.0,137.82220765426476,154.55287232072442,0.05,138
2025-09-14,SKU_1,45.0,0.0,45.0,765.9137086902373,897.4143688626634,0.1,121
2025-09-15,SKU_1,45.0,0.0,45.0,926.2688969792356,891.1087279927345,0.05,139
2025-09-16,SKU_1,45.0,0.0,45.0,352.0335965954405,409.2194832745131,0.1,163
2025-09-17,SKU_1,45.0,0.0,45.0,872.5075091192087,810.2089726906961,0.05,106
2025-09-18,SKU_1,45.0,0.0,45.0,362.996407415708,359.57509169367165,0.15,154
2025-09-19,SKU_1,45.0,0.0,45.0,919.6931454795237,818.9054443720114,0.05,152
2025-09-20,SKU_1,45.0,0.0,45.0,778.5657132371056,822.3136452248502,0.05,144
2025-09-21,SKU_1,45.0,0.0,45.0,824.4160991572948,982.3679961742656,0.05,134
2025-09-22,SKU_1,45.0,0.0,45.0,116.20590004040905,121.01650338988479,0.05,147
2025-09-23,SKU_1,45.0,0.0,45.0,966.5293213666233,911.5585786507739,0.1,128
2025-09-24,SKU_1,45.0,0.0,45.0,754.003892863291,798.585864747278,0.1,139
2025-09-25,SKU_1,45.0,0.0,45.0,374.27598584751996,317.82329192348755,0.05,133
2025-09-26,SKU_1,45.0,0.0,45.0,846.4551983729623,978.0481979271628,0.05,127
2025-09-27,SKU_1,45.0,0.0,45.0,353.3690785734369,353.80498771161155,0.05,161
2025-09-28,SKU_1,45.0,0.0,45.0,885.4784556095152,867.5385707315307,0.05,127
2025-09-29,SKU_1,45.0,0.0,45.0,201.32235137074332,208.23695181530888,0.15,157
2025-09-30,SKU_1,45.0,0.0,45.0,733.3173797147161,769.9198498312783,0.1,118
2025-10-01,SKU_1,45.0,0.0,45.0,586.6286289804193,486.14520030458493,0.05,130
2025-10-02,SKU_1,45.0,0.0,45.0,186.88102317589673,200.53210043660414,0.1,123
2025-10-03,SKU_1,45.0,0.0,45.0,317.7044454329551,284.9086644772874,0.05,108
2025-10-04,SKU_1,45.0,0.0,45.0,111.1636326495833,120.67713338733284,0.15,130
2025-10-05,SKU_1,45.0,0.0,45.0,521.8911689180552,589.2223932612204,0.05,105
2025-10-06,SKU_1,45.0,0.0,45.0,371.1387346840003,416.26304503979213,0.1,116
2025-10-07,SKU_1,45.0,0.0,45.0,638.5217358679829,651.9309394055964,0.1,119
2025-10-08,SKU_1,45.0,0.0,45.0,367.5140269377555,370.47911427616555,0.05,128
2025-10-09,SKU_1,45.0,0.0,45.0,369.9272003562862,317.0832420356296,0.1,124
2025-10-10,SKU_1,45.0,0.0,45.0,768.873878858443,853.5564639341227,0.05,114
2025-10-11,SKU_1,45.0,0.0,45.0,143.3285523805181,130.22312734518283,0.05,120
2025-10-12,SKU_1,45.0,0.0,45.0,912.6054956727885,911.3991855539018,0.05,114
2025-10-13,SKU_1,45.0,0.0,45.0,867.0374869520633,792.2205076166313,0.15,140
2025-10-14,SKU_1,45.0,0.0,45.0,701.0242149037658,598.346141164499,0.1,150
2025-10-15,SKU_1,45.0,0.0,45.0,633.8994130966458,666.7500323053758,0.1,153
2025-10-16,SKU_1,45.0,0.0,45.0,903.072248325687,742.0840997980014,0.1,126
2025-10-17,SKU_1,45.0,0.2,36.0,266.797161575843,293.3322986575355,0.05,188
2025-10-18,SKU_1,45.0,0.2,36.0,171.07224597174576,158.5899113199119,0.15,165
2025-10-19,SKU_1,45.0,0.2,36.0,315.5591529185843,252.46432377902724,0.05,119
2025-10-20,SKU_1,45.0,0.2,36.0,815.1204508301712,818.7490864271322,0.05,108
2025-10-21,SKU_1,45.0,0.2,36.0,131.20324005383497,107.42144092367896,0.05,138
2025-10-22,SKU_1,45.0,0.2,36.0,624.5261515751407,568.6109657113504,0.1,125
2025-10-23,SKU_1,45.0,0.2,36.0,995.893764572179,1078.3444018802588,0.1,169
2025-10-24,SKU_1,45.0,0.2,36.0,870.1264844537855,717.9203475924572,0.05,136
2025-10-25,SKU_1,45.0,0.2,36.0,569.3011201392305,646.5754336610825,0.05,154
2025-10-26,SKU_1,45.0,0.2,36.0,157.2768183579781,126.06176879922869,0.1,152
2025-10-27,SKU_1,45.0,0.2,36.0,848.2361629471388,762.3349030519463,0.05,122
2025-10-28,SKU_1,45.0,0.2,36.0,639.0806573594895,700.6635063859827,0.1,161
2025-10-29,SKU_1,45.0,0.2,36.0,203.43969735361014,188.48851930005256,0.15,165
2025-10-30,SKU_1,45.0,0.2,36.0,184.47155634102057,155.09574403515276,0.05,135
2025-10-31,SKU_1,45.0,0.2,36.0,918.6641374929332,867.3049029185443,0.05,95
2025-11-01,SKU_1,45.0,0.2,36.0,702.2802366442706,637.7809337750751,0.1,141
2025-11-02,SKU_1,45.0,0.2,36.0,846.3581193850799,962.3809197864763,0.1,149
2025-11-03,SKU_1,45.0,0.2,36.0,891.0810102540406,824.5521597883402,0.05,166
2025-11-04,SKU_1,45.0,0.2,36.0,614.59511684349,685.6257113439115,0.15,174
2025-11-05,SKU_1,45.0,0.2,36.0,565.7017165795371,654.3748145791922,0.05,127
2025-11-06,SKU_1,45.0,0.2,36.0,487.3846692888912,474.48211925993974,0.05,129
2025-11-07,SKU_1,45.0,0.2,36.0,385.25192901200734,448.4244837940679,0.1,153
2025-11-08,SKU_1,45.0,0.2,36.0,491.1363647728406,467.03493877293045,0.1,145
2025-11-09,SKU_1,45.0,0.2,36.0,796.4916901571407,944.345531083403,0.05,120
2025-11-10,SKU_1,45.0,0.2,36.0,641.7310879136185,536.304815816129,0.1,144
2025-11-11,SKU_1,45.0,0.2,36.0,903.2709609593614,970.842589988281,0.05,133
2025-11-12,SKU_1,45.0,0.2,36.0,499.042012941269,497.80719146032993,0.05,129
2025-11-13,SKU_1,45.0,0.2,36.0,646.3806208468786,617.3319668938917,0.05,150
2025-11-14,SKU_1,45.0,0.2,36.0,668.1767977827899,703.6467970507811,0.1,152
2025-11-15,SKU_1,45.0,0.2,36.0,632.527446075693,684.1055282900459,0.05,158
2025-11-16,SKU_1,45.0,0.2,36.0,732.3703957769648,587.1745284298432,0.05,138
2025-11-17,SKU_1,45.0,0.2,36.0,313.69012153732564,271.9007111099168,0.05,154
2025-11-18,SKU_1,45.0,0.2,36.0,561.1273997912116,608.9457903625004,0.1,128
2025-11-19,SKU_1,45.0,0.2,36.0,193.8023225275129,206.70067436197576,0.05,142
2025-11-20,SKU_1,45.0,0.2,36.0,446.0601948803313,529.2142912648073,0.1,112
2025-11-21,SKU_1,45.0,0.2,36.0,538.9003617591379,595.1697055987191,0.05,124
2025-11-22,SKU_1,45.0,0.2,36.0,687.0018335909252,810.8745042885954,0.05,109
2025-11-23,SKU_1,45.0,0.2,36.0,955.4779473275831,1032.8871403904539,0.05,147
2025-11-24,SKU_1,45.0,0.2,36.0,640.5859598935203,588.8399919826888,0.1,165
2025-11-25,SKU_1,45.0,0.2,36.0,769.2345245589038,647.8077539962525,0.15,140
2025-11-26,SKU_1,45.0,0.2,36.0,555.6394535456825,618.2764365157277,0.05,142
2025-11-27,SKU_1,45.0,0.2,36.0,670.6936282386981,709.3656139824844,0.05,159
2025-11-28,SKU_1,45.0,0.2,36.0,163.83899452039608,134.22909474450287,0.05,133
2025-11-29,SKU_1,45.0,0.2,36.0,328.95242275766225,310.53772743539054,0.05,97
2025-11-30,SKU_1,45.0,0.2,36.0,425.66778388462484,503.4457699390655,0.05,121
2025-12-01,SKU_1,45.0,0.2,36.0,525.2440195058623,525.3282992599557,0.05,133
2025-12-02,SKU_1,45.0,0.2,36.0,141.08387095214536,137.28753739509122,0.05,135
2025-12-03,SKU_1,45.0,0.2,36.0,226.02168779798592,222.19736514341886,0.05,133
2025-12-04,SKU_1,45.0,0.2,36.0,349.1328770121752,308.4774321657653,0.05,120
2025-12-05,SKU_1,45.0,0.2,36.0,974.3794218109456,923.207809434672,0.1,131
2025-12-06,SKU_1,45.0,0.2,36.0,398.2123063927457,377.47552095470235,0.05,143
2025-12-07,SKU_1,45.0,0.2,36.0,533.8369523008743,438.2491796065118,0.05,117
2025-12-08,SKU_1,45.0,0.2,36.0,276.4879414645536,306.0796305891423,0.1,144
2025-12-09,SKU_1,45.0,0.2,36.0,649.7020639681914,628.0031667984928,0.05,120
2025-12-10,SKU_1,45.0,0.2,36.0,352.61489396437685,398.0570646152681,0.05,152
2025-12-11,SKU_1,45.0,0.2,36.0,286.2933205945841,326.4142376363001,0.05,131
2025-12-12,SKU_1,45.0,0.2,36.0,564.9153656013812,499.83577204726953,0.05,124
2025-12-13,SKU_1,45.0,0.2,36.0,104.95521924437874,111.56124693239164,0.05,145
2025-12-14,SKU_1,45.0,0.2,36.0,106.89762938430279,105.71242561398795,0.05,124
2025-12-15,SKU_1,45.0,0.2,36.0,297.161928191672,342.34917189399386,0.15,145
2025-12-16,SKU_1,45.0,0.0,45.0,133.04922625073903,117.92103317468568,0.05,87
2025-12-17,SKU_1,45.0,0.0,45.0,197.22317871762223,211.2507325508623,0.05,88
2025-12-18,SKU_1,45.0,0.0,45.0,404.97458440487645,422.4293327760923,0.05,124
2025-12-19,SKU_1,45.0,0.0,45.0,822.3271116218316,754.995453741187,0.05,94
2025-12-20,SKU_1,45.0,0.0,45.0,614.8437790323708,525.4703095539461,0.05,130
2025-12-21,SKU_1,45.0,0.0,45.0,561.4009533607748,595.4532358005118,0.1,148
2025-12-22,SKU_1,45.0,0.0,45.0,364.1399408873095,398.8930866073772,0.05,128
2025-12-23,SKU_1,45.0,0.0,45.0,938.5783474895347,869.3590742843944,0.05,109
2025-12-24,SKU_1,45.0,0.0,45.0,457.3135371134725,483.80710128739213,0.05,130
2025-12-25,SKU_1,45.0,0.0,45.0,178.38349011619434,170.90072423396327,0.05,131
2025-12-26,SKU_1,45.0,0.0,45.0,655.3598645060212,711.2507581619601,0.15,110
2025-12-27,SKU_1,45.0,0.0,45.0,202.45455412894125,178.09645916489302,0.05,115
2025-12-28,SKU_1,45.0,0.0,45.0,410.70082852152285,474.8054784752049,0.05,127
2025-12-29,SKU_1,45.0,0.0,45.0,556.670744846028,509.33360153297866,0.05,117
2025-12-30,SKU_1,45.0,0.0,45.0,886.8002722166582,839.9013033971781,0.15,163
2025-12-31,SKU_1,45.0,0.0,45.0,544.1919223061068,447.99880627413336,0.05,130
2025-01-01,SKU_2,85.0,0.0,85.0,962.3062080274904,816.2078556296294,0.05,92
2025-01-02,SKU_2,85.0,0.0,85.0,298.401403820877,308.4925172928809,0.05,125
2025-01-03,SKU_2,85.0,0.0,85.0,897.5635949164106,1066.0620641189996,0.05,136
2025-01-04,SKU_2,85.0,0.0,85.0,940.8737027507412,894.8985542261637,0.05,127
2025-01-05,SKU_2,85.0,0.0,85.0,924.7784900788596,762.7708979022892,0.1,160
2025-01-06,SKU_2,85.0,0.0,85.0,671.8729211757188,628.6863453876099,0.1,157
2025-01-07,SKU_2,85.0,0.0,85.0,666.838588991237,668.4207713899723,0.05,143
2025-01-08,SKU_2,85.0,0.0,85.0,462.8895698654405,400.29264424887407,0.1,165
2025-01-09,SKU_2,85.0,0.0,85.0,777.1580940734091,826.3062614548337,0.1,133
2025-01-10,SKU_2,85.0,0.0,85.0,578.1646165158388,693.2770503630691,0.1,154
2025-01-11,SKU_2,85.0,0.0,85.0,709.694264105465,695.9941772739876,0.05,138
2025-01-12,SKU_2,85.0,0.0,85.0,485.61211346391593,457.393884427038,0.05,134
2025-01-13,SKU_2,85.0,0.0,85.0,758.3468176388252,728.226546004474,0.15,133
2025-01-14,SKU_2,85.0,0.0,85.0,842.0243658440942,712.4018478123115,0.05,156
2025-01-15,SKU_2,85.0,0.0,85.0,231.79263094253452,267.32862952069644,0.05,144
2025-01-16,SKU_2,85.0,0.0,85.0,849.6367440168052,820.6898429301635,0.05,136
2025-01-17,SKU_2,85.0,0.0,85.0,586.2668786112765,559.8319670298456,0.05,149
2025-01-18,SKU_2,85.0,0.0,85.0,860.1993181812019,915.1455037391876,0.05,131
2025-01-19,SKU_2,85.0,0.0,85.0,488.1715357069132,476.8524821374213,0.05,144
2025-01-20,SKU_2,85.0,0.0,85.0,441.1364368447315,467.2929105451426,0.05,154
2025-01-21,SKU_2,85.0,0.0,85.0,923.5546592655002,761.5433304303475,0.1,143
2025-01-22,SKU_2,85.0,0.0,85.0,326.05234079356114,366.96843302644726,0.1,160
2025-01-23,SKU_2,85.0,0.0,85.0,859.7910927575288,1011.2876427616058,0.05,121
2025-01-24,SKU_2,85.0,0.0,85.0,535.6185152584637,567.4911133610806,0.15,173
2025-01-25,SKU_2,85.0,0.0,85.0,562.6858982961337,664.9970335020282,0.05,148
2025-01-26,SKU_2,85.0,0.0,85.0,377.6214533405356,324.97079892647105,0.05,139
2025-01-27,SKU_2,85.0,0.0,85.0,615.7379805571142,610.1756966040535,0.1,167
2025-01-28,SKU_2,85.0,0.0,85.0,392.6900766485902,408.6814743111423,0.1,157
2025-01-29,SKU_2,85.0,0.0,85.0,135.34247281748708,139.76744881020488,0.15,165
2025-01-30,SKU_2,85.0,0.0,85.0,344.79874480992044,331.2084028555602,0.05,131
2025-01-31,SKU_2,85.0,0.0,85.0,105.7411390659316,98.89268347147376,0.1,143
2025-02-01,SKU_2,85.0,0.0,85.0,980.5193083511709,834.1568078303168,0.05,127
2025-02-02,SKU_2,85.0,0.0,85.0,969.1724888377728,927.2043933881587,0.1,176
2025-02-03,SKU_2,85.0,0.0,85.0,455.63976772507453,394.1577085851135,0.1,151
2025-02-04,SKU_2,85.0,0.0,85.0,755.5337689056814,826.3622420505997,0.05,151
2025-02-05,SKU_2,85.0,0.0,85.0,411.2254885693825,363.3310322463716,0.05,144
2025-02-06,SKU_2,85.0,0.0,85.0,703.9838413773784,579.6786845361609,0.1,147
2025-02-07,SKU_2,85.0,0.0,85.0,824.8870387413812,842.1654980831337,0.05,169
2025-02-08,SKU_2,85.0,0.0,85.0,952.0806202230167,988.3471734194808,0.05,151
2025-02-09,SKU_2,85.0,0.0,85.0,460.1910482647048,528.6514728783093,0.1,167
2025-02-10,SKU_2,85.0,0.0,85.0,804.968184660443,829.755284180481,0.05,157
2025-02-11,SKU_2,85.0,0.0,85.0,339.3356055689069,318.36206633940884,0.1,165
2025-02-12,SKU_2,85.0,0.0,85.0,991.2990734142835,1111.4492323705076,0.05,132
2025-02-13,SKU_2,85.0,0.0,85.0,123.19263888791603,125.1774641452132,0.05,159
2025-02-14,SKU_2,85.0,0.0,85.0,643.1759258510089,534.9372088685665,0.1,128
2025-02-15,SKU_2,85.0,0.0,85.0,693.5553834861944,711.8237877305281,0.05,134
2025-02-16,SKU_2,85.0,0.0,85.0,719.241001366716,836.6264682408229,0.05,153
2025-02-17,SKU_2,85.0,0.0,85.0,208.3488209101801,199.7075640218929,0.1,140
2025-02-18,SKU_2,85.0,0.0,85.0,944.6768051258174,867.7142888266735,0.05,120
2025-02-19,SKU_2,85.0,0.0,85.0,263.06495114507453,225.54867519656196,0.05,139
2025-02-20,SKU_2,85.0,0.0,85.0,660.478062915857,568.3930283187439,0.05,138
2025-02-21,SKU_2,85.0,0.0,85.0,300.4084712107765,292.33006496651893,0.1,147
2025-02-22,SKU_2,85.0,0.0,85.0,376.4947753191438,390.90395687925195,0.1,151
2025-02-23,SKU_2,85.0,0.0,85.0,591.8126875553119,492.5338378809625,0.1,142
2025-02-24,SKU_2,85.0,0.0,85.0,475.47407670811884,559.0754643147712,0.05,126
2025-02-25,SKU_2,85.0,0.0,85.0,244.20304087885566,269.12480296307143,0.1,136
2025-02-26,SKU_2,85.0,0.0,85.0,253.84276217876345,262.6383040539124,0.05,149
2025-02-27,SKU_2,85.0,0.0,85.0,476.3303093465197,538.9084268384114,0.05,139
2025-02-28,SKU_2,85.0,0.0,85.0,781.5546804479507,650.3118783969401,0.05,145
2025-03-01,SKU_2,85.0,0.0,85.0,908.1681821630096,899.7545044406241,0.1,159
2025-03-02,SKU_2,85.0,0.0,85.0,175.71489603344457,184.85861613790973,0.1,160
2025-03-03,SKU_2,85.0,0.0,85.0,453.79351680346093,513.4497400334993,0.05,155
2025-03-04,SKU_2,85.0,0.0,85.0,190.22100735058896,211.78975345690895,0.05,137
2025-03-05,SKU_2,85.0,0.0,85.0,114.93323256933809,104.68437186151934,0.1,144
2025-03-06,SKU_2,85.0,0.0,85.0,695.5468143795609,818.207933363571,0.05,115
2025-03-07,SKU_2,85.0,0.0,85.0,642.204497769929,545.7057816742998,0.15,180
2025-03-08,SKU_2,85.0,0.0,85.0,246.71720243339757,283.73796920336866,0.05,146
2025-03-09,SKU_2,85.0,0.0,85.0,310.4315497837577,368.90943439988223,0.05,128
2025-03-10,SKU_2,85.0,0.0,85.0,121.33697828006655,105.66769190385364,0.05,111
2025-03-11,SKU_2,85.0,0.0,85.0,851.4524851249633,927.0839660162565,0.05,144
2025-03-12,SKU_2,85.0,0.0,85.0,977.2215364436963,797.524379777624,0.15,150
2025-03-13,SKU_2,85.0,0.0,85.0,221.91358311522174,213.51839921350773,0.05,165
2025-03-14,SKU_2,85.0,0.0,85.0,308.3276923887683,310.3359292152062,0.1,158
2025-03-15,SKU_2,85.0,0.0,85.0,881.5685715522407,910.0062901953062,0.05,144
2025-03-16,SKU_2,85.0,0.0,85.0,933.8174181605664,1096.651736416363,0.05,132
2025-03-17,SKU_2,85.0,0.0,85.0,477.6646445261293,510.5758698524345,0.05,166
2025-03-18,SKU_2,85.0,0.0,85.0,145.5602250421667,144.4701507886554,0.05,131
2025-03-19,SKU_2,85.0,0.0,85.0,135.45265032353745,152.23117208403838,0.15,151
2025-03-20,SKU_2,85.0,0.0,85.0,616.5548794621094,727.6661631090174,0.05,108
2025-03-21,SKU_2,85.0,0.0,85.0,453.60559800386113,366.888209830558,0.05,105
2025-03-22,SKU_2,85.0,0.0,85.0,125.78718481988906,150.06518180100838,0.05,129
2025-03-23,SKU_2,85.0,0.0,85.0,624.9271530813011,521.4722474465883,0.05,104
2025-03-24,SKU_2,85.0,0.0,85.0,110.17228293012022,124.02696660815512,0.05,139
2025-03-25,SKU_2,85.0,0.0,85.0,808.6347623343456,737.5831802688641,0.1,130
2025-03-26,SKU_2,85.0,0.0,85.0,375.7895404330344,320.50032548319683,0.05,116
2025-03-27,SKU_2,85.0,0.0,85.0,136.23220270830888,132.9547632354023,0.05,145
2025-03-28,SKU_2,85.0,0.0,85.0,629.516998884838,665.7662444302733,0.05,126
2025-03-29,SKU_2,85.0,0.0,85.0,457.9159729897492,436.11035230226526,0.15,172
2025-03-30,SKU_2,85.0,0.0,85.0,976.4203720214346,802.4478081191055,0.05,149
2025-03-31,SKU_2,85.0,0.0,85.0,589.778796253332,613.2428247420929,0.05,135
2025-04-01,SKU_2,85.0,0.0,85.0,347.7152629333075,403.6839673165265,0.05,125
2025-04-02,SKU_2,85.0,0.0,85.0,738.4949781705773,703.9970318603999,0.05,127
2025-04-03,SKU_2,85.0,0.0,85.0,344.3428022884402,305.27129578124857,0.05,151
2025-04-04,SKU_2,85.0,0.0,85.0,913.8189622668086,892.8293982066964,0.05,130
2025-04-05,SKU_2,85.0,0.0,85.0,437.24977345663876,358.25845254524233,0.1,121
2025-04-06,SKU_2,85.0,0.0,85.0,594.8817064985847,671.1425869654787,0.05,115
2025-04-07,SKU_2,85.0,0.0,85.0,145.51579344180598,164.5108902569495,0.1,131
2025-04-08,SKU_2,85.0,0.0,85.0,483.50911415700773,500.52872460431405,0.05,107
2025-04-09,SKU_2,85.0,0.0,85.0,849.1271856948955,799.2334534939132,0.05,106
2025-04-10,SKU_2,85.0,0.0,85.0,825.0839248270078,924.0224988009165,0.05,139
2025-04-11,SKU_2,85.0,0.0,85.0,301.8867029681736,308.49041721157323,0.05,138
2025-04-12,SKU_2,85.0,0.0,85.0,303.4711639095064,343.0355867220607,0.1,132
2025-04-13,SKU_2,85.0,0.0,85.0,835.5747809919131,879.5122417207207,0.05,87
2025-04-14,SKU_2,85.0,0.0,85.0,937.358578152393,1043.9945421481953,0.05,126
2025-04-15,SKU_2,85.0,0.0,85.0,185.82482914570318,193.15100969561493,0.05,131
2025-04-16,SKU_2,85.0,0.0,85.0,505.0527754836027,487.70745876450866,0.15,105
2025-04-17,SKU_2,85.0,0.0,85.0,403.70885106780605,477.65956985262187,0.05,126
2025-04-18,SKU_2,85.0,0.2,68.0,883.6196099116954,898.1512026722644,0.15,160
2025-04-19,SKU_2,85.0,0.2,68.0,175.1724232120169,182.535937458789,0.05,147
2025-04-20,SKU_2,85.0,0.2,68.0,290.0133483022337,257.58842206815774,0.05,127
2025-04-21,SKU_2,85.0,0.2,68.0,777.2215038278449,816.2849020341744,0.05,130
2025-04-22,SKU_2,85.0,0.2,68.0,146.16446408309403,150.35106156746383,0.05,139
2025-04-23,SKU_2,85.0,0.2,68.0,543.2818426428603,474.79321228541386,0.05,123
2025-04-24,SKU_2,85.0,0.2,68.0,497.896331211748,410.18434383327343,0.05,150
2025-04-25,SKU_2,85.0,0.2,68.0,400.9610610898738,417.6986705168545,0.15,155
2025-04-26,SKU_2,85.0,0.2,68.0,455.1150837870314,503.11921549077687,0.1,155
2025-04-27,SKU_2,85.0,0.2,68.0,576.9465282372096,582.347064120987,0.1,140
2025-04-28,SKU_2,85.0,0.2,68.0,245.23062254954482,218.4291348733684,0.05,115
2025-04-29,SKU_2,85.0,0.2,68.0,614.7962904552335,655.7471278752937,0.05,122
2025-04-30,SKU_2,85.0,0.2,68.0,824.8890963699877,686.3426132708126,0.05,134
2025-05-01,SKU_2,85.0,0.2,68.0,784.1448368111431,765.900516788751,0.1,167
2025-05-02,SKU_2,85.0,0.2,68.0,238.5099142243963,206.39376799260702,0.15,176
2025-05-03,SKU_2,85.0,0.2,68.0,234.32452276732653,204.74892985774966,0.05,123
2025-05-04,SKU_2,85.0,0.2,68.0,341.356930970422,300.70732143175,0.05,115
2025-05-05,SKU_2,85.0,0.2,68.0,424.9672537069335,405.7089373739747,0.05,113
2025-05-06,SKU_2,85.0,0.2,68.0,467.61002326763435,383.6553581502269,0.05,109
2025-05-07,SKU_2,85.0,0.2,68.0,711.7274951500108,682.630207839837,0.05,134
2025-05-08,SKU_2,85.0,0.2,68.0,151.01238894925186,151.71957677216707,0.05,124
2025-05-09,SKU_2,85.0,0.2,68.0,131.20543380345975,130.32868156826365,0.1,121
2025-05-10,SKU_2,85.0,0.2,68.0,452.7195066495181,431.49313695471216,0.05,110
2025-05-11,SKU_2,85.0,0.2,68.0,727.4473229241825,826.1318397721367,0.05,137
2025-05-12,SKU_2,85.0,0.2,68.0,274.0918086608343,235.20658931756054,0.15,127
2025-05-13,SKU_2,85.0,0.2,68.0,677.3540331306265,678.8975180810367,0.05,127
2025-05-14,SKU_2,85.0,0.2,68.0,333.8453241462695,275.3611540987575,0.05,118
2025-05-15,SKU_2,85.0,0.2,68.0,897.4774979321647,743.5262466029362,0.05,107
2025-05-16,SKU_2,85.0,0.2,68.0,906.1209498399548,932.8935073880131,0.05,140
2025-05-17,SKU_2,85.0,0.2,68.0,367.5584838531938,377.2647367164512,0.05,162
2025-05-18,SKU_2,85.0,0.2,68.0,306.99437856691645,353.4160439081774,0.1,137
2025-05-19,SKU_2,85.0,0.2,68.0,470.17357485960815,481.05784404975304,0.05,115
2025-05-20,SKU_2,85.0,0.2,68.0,316.47842666213387,374.68400215457547,0.05,140
2025-05-21,SKU_2,85.0,0.2,68.0,705.1454589625333,577.8511476596584,0.05,124
2025-05-22,SKU_2,85.0,0.2,68.0,843.4582160934569,707.832727662211,0.05,160
2025-05-23,SKU_2,85.0,0.2,68.0,705.7829178200953,577.0667071982364,0.1,147
2025-05-24,SKU_2,85.0,0.2,68.0,841.9154025244145,735.9272956303389,0.1,176
2025-05-25,SKU_2,85.0,0.2,68.0,457.2929459867267,464.84195823221427,0.05,142
2025-05-26,SKU_2,85.0,0.2,68.0,240.68527363797477,254.70010576634974,0.1,131
2025-05-27,SKU_2,85.0,0.2,68.0,764.155852657833,625.2583482225892,0.05,121
2025-05-28,SKU_2,85.0,0.2,68.0,424.4270546273985,500.1398991180896,0.15,138
2025-05-29,SKU_2,85.0,0.2,68.0,704.1437427062192,800.5171862818521,0.05,130
2025-05-30,SKU_2,85.0,0.2,68.0,343.5795477835891,315.62763122147203,0.15,149
2025-05-31,SKU_2,85.0,0.2,68.0,173.1066713260054,143.83000763095603,0.1,160
2025-06-01,SKU_2,85.0,0.2,68.0,,862.1600294996878,0.05,118
2025-06-02,SKU_2,85.0,0.2,68.0,,204.68126944691176,0.05,168
2025-06-03,SKU_2,85.0,0.2,68.0,,840.4627260683905,0.15,147
2025-06-04,SKU_2,85.0,0.2,68.0,,986.8247945615565,0.1,144
2025-06-05,SKU_2,85.0,0.2,68.0,,731.6398667477952,0.05,160
2025-06-06,SKU_2,85.0,0.2,68.0,,654.1297203368321,0.1,158
2025-06-07,SKU_2,85.0,0.2,68.0,,741.428826356738,0.05,138
2025-06-08,SKU_2,85.0,0.2,68.0,879.4913908400512,944.3325088956475,0.05,141
2025-06-09,SKU_2,85.0,0.2,68.0,360.49556945753915,425.2377859545529,0.05,139
2025-06-10,SKU_2,85.0,0.2,68.0,520.9130912363894,446.43430329243586,0.05,141
2025-06-11,SKU_2,85.0,0.2,68.0,657.4509724298517,626.4559656768836,0.1,138
2025-06-12,SKU_2,85.0,0.2,68.0,470.071428282542,480.3625710591081,0.05,128
2025-06-13,SKU_2,85.0,0.2,68.0,484.7378086812412,402.6732608324194,0.1,141
2025-06-14,SKU_2,85.0,0.2,68.0,397.25620075187595,318.47035578010286,0.05,145
2025-06-15,SKU_2,85.0,0.2,68.0,607.8086350160825,649.2452189300743,0.05,144
2025-06-16,SKU_2,85.0,0.2,68.0,865.5170752136044,914.6159605696784,0.05,136
2025-06-17,SKU_2,85.0,0.0,85.0,281.37554020568155,271.33480149418114,0.05,120
2025-06-18,SKU_2,85.0,0.0,85.0,940.9897348780972,937.0918076184831,0.05,111
2025-06-19,SKU_2,85.0,0.0,85.0,720.1788883734067,695.8204220382949,0.05,129
2025-06-20,SKU_2,85.0,0.0,85.0,840.9458914120272,680.8314906638101,0.05,142
2025-06-21,SKU_2,85.0,0.0,85.0,600.5716233670105,561.0231666844976,0.05,131
2025-06-22,SKU_2,85.0,0.0,85.0,801.5650312816572,698.0292024601077,0.05,127
2025-06-23,SKU_2,85.0,0.0,85.0,114.58035760552049,96.17527759812369,0.05,124
2025-06-24,SKU_2,85.0,0.0,85.0,836.5423823015817,989.3687822262251,0.1,117
2025-06-25,SKU_2,85.0,0.0,85.0,136.12497317682988,141.53510913931868,0.15,166
2025-06-26,SKU_2,85.0,0.0,85.0,900.9220387265763,983.3226330314096,0.05,103
2025-06-27,SKU_2,85.0,0.0,85.0,992.766472514779,919.4461983963672,0.05,131
2025-06-28,SKU_2,85.0,0.0,85.0,364.66071595910006,349.0746982547011,0.05,143
2025-06-29,SKU_2,85.0,0.0,85.0,289.2867006572143,258.8449447261367,0.15,134
2025-06-30,SKU_2,85.0,0.0,85.0,788.8270274722366,661.6572787755922,0.05,90
2025-07-01,SKU_2,85.0,0.0,85.0,327.72370682822793,285.6481302073356,0.05,126
2025-07-02,SKU_2,85.0,0.0,85.0,879.0061448549831,983.612814453493,0.05,115
2025-07-03,SKU_2,85.0,0.0,85.0,192.55833294172902,206.23350264852297,0.05,132
2025-07-04,SKU_2,85.0,0.0,85.0,213.35967674142245,217.36476866546232,0.05,116
2025-07-05,SKU_2,85.0,0.0,85.0,981.236399590554,971.4593102059318,0.1,115
2025-07-06,SKU_2,85.0,0.0,85.0,706.4550084430042,825.827334613765,0.05,149
2025-07-07,SKU_2,85.0,0.0,85.0,862.1985019860575,714.8435867955669,0.05,122
2025-07-08,SKU_2,85.0,0.0,85.0,391.8964396163662,357.50373555765145,0.05,118
2025-07-09,SKU_2,85.0,0.0,85.0,708.835374568544,666.287631459439,0.05,137
2025-07-10,SKU_2,85.0,0.0,85.0,634.8176445777375,706.533200128488,0.15,170
2025-07-11,SKU_2,85.0,0.0,85.0,642.8351081106523,769.4773837498113,0.05,152
2025-07-12,SKU_2,85.0,0.0,85.0,714.2792135839494,640.185749272593,0.1,139
2025-07-13,SKU_2,85.0,0.0,85.0,617.8232558161887,710.3255661571684,0.05,167
2025-07-14,SKU_2,85.0,0.0,85.0,486.1561323723993,550.4498453667218,0.05,129
2025-07-15,SKU_2,85.0,0.0,85.0,348.3304249424922,309.96634266880613,0.15,159
2025-07-16,SKU_2,85.0,0.0,85.0,791.7231978218819,759.8429052134221,0.05,113
2025-07-17,SKU_2,85.0,0.0,85.0,303.6451870028676,292.6742276048254,0.1,143
2025-07-18,SKU_2,85.0,0.0,85.0,723.1188755389728,861.4430323727411,0.05,128
2025-07-19,SKU_2,85.0,0.0,85.0,309.999540384394,270.4301948222023,0.1,142
2025-07-20,SKU_2,85.0,0.0,85.0,662.7971529590085,742.1095735723056,0.05,122
2025-07-21,SKU_2,85.0,0.0,85.0,772.370440416126,721.1445818647991,0.05,135
2025-07-22,SKU_2,85.0,0.0,85.0,296.8425000158853,324.2553522637762,0.1,158
2025-07-23,SKU_2,85.0,0.0,85.0,153.94897077517746,149.02328135036834,0.15,169
2025-07-24,SKU_2,85.0,0.0,85.0,217.87636869475668,224.7054649506019,0.15,139
2025-07-25,SKU_2,85.0,0.0,85.0,645.3972705439229,731.2639628061065,0.1,129
2025-07-26,SKU_2,85.0,0.0,85.0,864.501765603162,969.6824327888625,0.1,160
2025-07-27,SKU_2,85.0,0.0,85.0,140.49713911188192,161.0897027085203,0.05,152
2025-07-28,SKU_2,85.0,0.0,85.0,760.7361331374816,626.7301279302634,0.05,138
2025-07-29,SKU_2,85.0,0.0,85.0,407.1867813550469,438.46695997493106,0.05,137
2025-07-30,SKU_2,85.0,0.0,85.0,530.6755329275702,454.2555766400378,0.05,133
2025-07-31,SKU_2,85.0,0.0,85.0,935.973594861009,904.4569558560669,0.05,148
2025-08-01,SKU_2,85.0,0.0,85.0,398.77435426226094,406.52467979748496,0.05,163
2025-08-02,SKU_2,85.0,0.0,85.0,518.8032405455374,498.61961234934824,0.05,163
2025-08-03,SKU_2,85.0,0.0,85.0,112.31417328461299,113.19524094642924,0.05,151
2025-08-04,SKU_2,85.0,0.0,85.0,173.43884800435453,207.88562840510932,0.05,121
2025-08-05,SKU_2,85.0,0.0,85.0,332.7324320213056,284.1824198742709,0.05,122
2025-08-06,SKU_2,85.0,0.0,85.0,125.06701673896697,133.84452240258446,0.05,150
2025-08-07,SKU_2,85.0,0.0,85.0,668.2377934434259,640.4393595463358,0.1,143
2025-08-08,SKU_2,85.0,0.0,85.0,483.75852112146026,412.7446663427971,0.1,128
2025-08-09,SKU_2,85.0,0.0,85.0,593.3306824552199,512.3379028216207,0.05,144
2025-08-10,SKU_2,85.0,0.0,85.0,257.1824673066966,303.40053369021314,0.05,133
2025-08-11,SKU_2,85.0,0.0,85.0,366.3388264929545,421.963933229097,0.05,131
2025-08-12,SKU_2,85.0,0.0,85.0,697.4420273674526,810.9972954056426,0.05,137
2025-08-13,SKU_2,85.0,0.0,85.0,968.7724512673599,1159.2458161139787,0.05,174
2025-08-14,SKU_2,85.0,0.0,85.0,145.37509624198827,128.41362494206086,0.05,174
2025-08-15,SKU_2,85.0,0.0,85.0,901.3458887697395,849.2262251918467,0.05,147
2025-08-16,SKU_2,85.0,0.0,85.0,619.1930811800876,661.1047821934809,0.05,165
2025-08-17,SKU_2,85.0,0.0,85.0,607.5276100800613,603.5914483809302,0.15,179
2025-08-18,SKU_2,85.0,0.0,85.0,550.2506816869843,532.2881957304384,0.15,172
2025-08-19,SKU_2,85.0,0.0,85.0,162.45467731376505,153.2149862710316,0.05,145
2025-08-20,SKU_2,85.0,0.0,85.0,180.8891665625446,187.6747267033285,0.05,113
2025-08-21,SKU_2,85.0,0.0,85.0,640.8208050931775,660.1975418135339,0.05,123
2025-08-22,SKU_2,85.0,0.0,85.0,406.86271429200247,351.76664047803575,0.05,131
2025-08-23,SKU_2,85.0,0.0,85.0,925.5412599199126,915.0788813644225,0.15,173
2025-08-24,SKU_2,85.0,0.0,85.0,465.931483623525,475.89715723210116,0.05,139
2025-08-25,SKU_2,85.0,0.0,85.0,228.95331283237698,235.39028382093622,0.1,174
2025-08-26,SKU_2,85.0,0.0,85.0,743.2469501518324,657.0621722562933,0.05,133
2025-08-27,SKU_2,85.0,0.0,85.0,364.01807929690887,399.29454604741505,0.15,173
2025-08-28,SKU_2,85.0,0.0,85.0,572.9232766203038,464.1134804853442,0.05,154
2025-08-29,SKU_2,85.0,0.0,85.0,728.049506954653,685.7736685557242,0.1,130
2025-08-30,SKU_2,85.0,0.0,85.0,910.2377000818634,1012.2617467766325,0.05,123
2025-08-31,SKU_2,85.0,0.0,85.0,812.9720753215084,833.7493395730139,0.05,144
2025-09-01,SKU_2,85.0,0.0,85.0,708.7249610854517,641.0169027956579,0.05,153
2025-09-02,SKU_2,85.0,0.0,85.0,711.6698641556293,767.1667681394624,0.05,155
2025-09-03,SKU_2,85.0,0.0,85.0,951.3321796288778,976.9766491453759,0.15,180
2025-09-04,SKU_2,85.0,0.0,85.0,366.24168774688246,409.64039155149663,0.15,188
2025-09-05,SKU_2,85.0,0.0,85.0,101.00088477656867,110.49598547654865,0.1,156
2025-09-06,SKU_2,85.0,0.0,85.0,344.75910345837883,359.94338685232975,0.05,117
2025-09-07,SKU_2,85.0,0.0,85.0,296.1022416640696,294.7019949272102,0.1,148
2025-09-08,SKU_2,85.0,0.0,85.0,695.6511266025983,593.5802195876553,0.05,108
2025-09-09,SKU_2,85.0,0.0,85.0,670.3404397889761,606.3451878874483,0.05,147
2025-09-10,SKU_2,85.0,0.0,85.0,634.1152444342514,613.5951414318345,0.05,129
2025-09-11,SKU_2,85.0,0.0,85.0,114.61909888850833,119.17173680728578,0.05,141
2025-09-12,SKU_2,85.0,0.0,85.0,755.9002490055827,760.0449574738152,0.05,120
2025-09-13,SKU_2,85.0,0.0,85.0,391.17737123694235,358.0344031079591,0.05,148
2025-09-14,SKU_2,85.0,0.0,85.0,698.550390105968,560.6465839470891,0.05,109
2025-09-15,SKU_2,85.0,0.0,85.0,600.9205856519379,600.01661406079,0.1,148
2025-09-16,SKU_2,85.0,0.0,85.0,408.45783288511643,373.4327352296143,0.05,145
2025-09-17,SKU_2,85.0,0.0,85.0,221.11864039369698,241.8691477849726,0.05,132
2025-09-18,SKU_2,85.0,0.0,85.0,184.97700789443286,149.75340971553845,0.05,122
2025-09-19,SKU_2,85.0,0.0,85.0,848.3664998010012,877.1525291463106,0.05,124
2025-09-20,SKU_2,85.0,0.0,85.0,926.5577878734022,1090.178345036089,0.05,149
2025-09-21,SKU_2,85.0,0.0,85.0,684.8092420878696,595.6222248797864,0.05,145
2025-09-22,SKU_2,85.0,0.0,85.0,193.09070337443504,190.90101546563866,0.05,145
2025-09-23,SKU_2,85.0,0.0,85.0,461.8244951994167,386.3479622479634,0.05,124
2025-09-24,SKU_2,85.0,0.0,85.0,756.0452800946415,794.0537667180274,0.05,140
2025-09-25,SKU_2,85.0,0.0,85.0,801.8387956090613,818.0461003728132,0.1,146
2025-09-26,SKU_2,85.0,0.0,85.0,206.39676006197973,198.7489777929752,0.05,147
2025-09-27,SKU_2,85.0,0.0,85.0,100.02764696084418,100.88296422366409,0.05,111
2025-09-28,SKU_2,85.0,0.0,85.0,740.9233412925445,858.4559097024679,0.1,111
2025-09-29,SKU_2,85.0,0.0,85.0,420.9365583875851,369.8002259284332,0.05,121
2025-09-30,SKU_2,85.0,0.0,85.0,329.0331984564342,266.1963481483546,0.05,142
2025-10-01,SKU_2,85.0,0.0,85.0,111.6077228105729,127.75356049129893,0.1,136
2025-10-02,SKU_2,85.0,0.0,85.0,586.2694660853497,604.3540223723968,0.05,121
2025-10-03,SKU_2,85.0,0.0,85.0,866.0356618833836,1001.3653235018784,0.05,117
2025-10-04,SKU_2,85.0,0.0,85.0,961.8684816453291,999.1679035842072,0.05,119
2025-10-05,SKU_2,85.0,0.0,85.0,609.1704555519602,684.746844538058,0.05,145
2025-10-06,SKU_2,85.0,0.0,85.0,563.0151949659048,547.1772089491457,0.05,119
2025-10-07,SKU_2,85.0,0.0,85.0,176.550746940317,194.19592994007706,0.05,100
2025-10-08,SKU_2,85.0,0.0,85.0,593.9855213883397,692.12178181457,0.05,121
2025-10-09,SKU_2,85.0,0.0,85.0,441.98117106885513,454.7319678556141,0.05,96
2025-10-10,SKU_2,85.0,0.0,85.0,646.4217527952193,563.8827837985278,0.05,129
2025-10-11,SKU_2,85.0,0.0,85.0,449.85371308889205,408.250812547423,0.05,116
2025-10-12,SKU_2,85.0,0.0,85.0,316.2692111053301,278.1454343345419,0.05,109
2025-10-13,SKU_2,85.0,0.0,85.0,185.46874770553885,166.68870367262798,0.05,116
2025-10-14,SKU_2,85.0,0.0,85.0,383.42660013000614,353.7364136927953,0.05,105
2025-10-15,SKU_2,85.0,0.0,85.0,186.98035085897703,191.10392477549513,0.15,133
2025-10-16,SKU_2,85.0,0.0,85.0,259.2072557415855,268.33048326220575,0.05,98
2025-10-17,SKU_2,85.0,0.2,68.0,988.6025427215914,959.5375280146411,0.05,112
2025-10-18,SKU_2,85.0,0.2,68.0,499.6932012159568,522.7631927981629,0.05,157
2025-10-19,SKU_2,85.0,0.2,68.0,578.6845898545149,481.8301328315423,0.05,125
2025-10-20,SKU_2,85.0,0.2,68.0,886.2566758634938,740.1265051528276,0.15,160
2025-10-21,SKU_2,85.0,0.2,68.0,996.012010441619,865.2672908588672,0.05,158
2025-10-22,SKU_2,85.0,0.2,68.0,624.4430044102133,628.9583512856263,0.15,189
2025-10-23,SKU_2,85.0,0.2,68.0,831.2264389397545,736.1323650423861,0.05,153
2025-10-24,SKU_2,85.0,0.2,68.0,394.2469219030077,360.0711391624375,0.1,147
2025-10-25,SKU_2,85.0,0.2,68.0,375.169561702562,360.2097258784223,0.05,126
2025-10-26,SKU_2,85.0,0.2,68.0,462.4333488951042,520.1202673483265,0.1,124
2025-10-27,SKU_2,85.0,0.2,68.0,705.2565364062842,568.1157739094662,0.05,118
2025-10-28,SKU_2,85.0,0.2,68.0,713.9725203295889,756.6334694368696,0.05,136
2025-10-29,SKU_2,85.0,0.2,68.0,383.7154911845057,409.63570760763054,0.05,130
2025-10-30,SKU_2,85.0,0.2,68.0,219.88893172296582,246.1573719211696,0.05,138
2025-10-31,SKU_2,85.0,0.2,68.0,669.1566308189578,784.988430290398,0.15,158
2025-11-01,SKU_2,85.0,0.2,68.0,215.49327596988806,174.13044919233815,0.05,139
2025-11-02,SKU_2,85.0,0.2,68.0,620.6432574063971,534.6925338954171,0.05,107
2025-11-03,SKU_2,85.0,0.2,68.0,724.0799152506781,835.9274663996014,0.1,142
2025-11-04,SKU_2,85.0,0.2,68.0,730.5503467550064,718.4286352437376,0.05,132
2025-11-05,SKU_2,85.0,0.2,68.0,778.1248995936371,798.2287333675531,0.15,150
2025-11-06,SKU_2,85.0,0.2,68.0,885.5734794090981,943.3225066248755,0.1,145
2025-11-07,SKU_2,85.0,0.2,68.0,549.9630927683096,589.3551022162858,0.05,135
2025-11-08,SKU_2,85.0,0.2,68.0,757.2242705766141,887.9939953685326,0.1,135
2025-11-09,SKU_2,85.0,0.2,68.0,657.255461829253,787.9045493679271,0.05,121
2025-11-10,SKU_2,85.0,0.2,68.0,267.9759458179143,291.57470734665,0.05,155
2025-11-11,SKU_2,85.0,0.2,68.0,123.12068038246736,112.64169258501916,0.05,144
2025-11-12,SKU_2,85.0,0.2,68.0,356.08724710924037,410.1772421156858,0.05,104
2025-11-13,SKU_2,85.0,0.2,68.0,498.73033570385746,408.80345385611196,0.1,121
2025-11-14,SKU_2,85.0,0.2,68.0,655.3953499857906,584.8960065665107,0.15,129
2025-11-15,SKU_2,85.0,0.2,68.0,864.9633974528848,1002.4530375635516,0.05,128
2025-11-16,SKU_2,85.0,0.2,68.0,276.62114503554903,249.64411205748152,0.05,128
2025-11-17,SKU_2,85.0,0.2,68.0,212.9948109086294,189.19486101527275,0.15,147
2025-11-18,SKU_2,85.0,0.2,68.0,967.1319527268947,827.1397159717966,0.05,97
2025-11-19,SKU_2,85.0,0.2,68.0,197.2401034387664,225.57259952850842,0.05,158
2025-11-20,SKU_2,85.0,0.2,68.0,530.6419630964702,530.654329005081,0.05,116
2025-11-21,SKU_2,85.0,0.2,68.0,627.0073559139717,670.8710858396961,0.15,146
2025-11-22,SKU_2,85.0,0.2,68.0,587.2369788166944,525.9450315016963,0.05,138
2025-11-23,SKU_2,85.0,0.2,68.0,177.42894132964886,195.74247681775967,0.1,132
2025-11-24,SKU_2,85.0,0.2,68.0,151.32422260325743,167.06227738882777,0.1,126
2025-11-25,SKU_2,85.0,0.2,68.0,194.9350847149321,180.32259675883364,0.05,114
2025-11-26,SKU_2,85.0,0.2,68.0,627.0289154853513,604.6270867823235,0.05,119
2025-11-27,SKU_2,85.0,0.2,68.0,589.9103988708889,521.40770917599,0.1,146
2025-11-28,SKU_2,85.0,0.2,68.0,310.3667128330698,369.53018414230735,0.05,143
2025-11-29,SKU_2,85.0,0.2,68.0,673.9967276610324,713.2509918515855,0.1,130
2025-11-30,SKU_2,85.0,0.2,68.0,838.0607518500844,983.7304204038038,0.15,152
2025-12-01,SKU_2,85.0,0.2,68.0,137.42106386193439,126.61347675588623,0.05,139
2025-12-02,SKU_2,85.0,0.2,68.0,548.3169491932381,610.1431753611384,0.1,139
2025-12-03,SKU_2,85.0,0.2,68.0,720.3793708924212,796.9870039436223,0.1,117
2025-12-04,SKU_2,85.0,0.2,68.0,327.0807343627184,352.15548290562793,0.1,171
2025-12-05,SKU_2,85.0,0.2,68.0,376.99381476383417,447.2110201992556,0.05,136
2025-12-06,SKU_2,85.0,0.2,68.0,652.2741126904455,624.5016732136912,0.05,135
2025-12-07,SKU_2,85.0,0.2,68.0,908.1417640993632,773.9973556167504,0.05,132
2025-12-08,SKU_2,85.0,0.2,68.0,828.9319782726094,885.8659640246543,0.05,133
2025-12-09,SKU_2,85.0,0.2,68.0,624.8171971896252,682.1278799185371,0.05,140
2025-12-10,SKU_2,85.0,0.2,68.0,757.1995459815242,779.9338788391751,0.1,150
2025-12-11,SKU_2,85.0,0.2,68.0,428.3402231870188,378.10754755114624,0.05,128
2025-12-12,SKU_2,85.0,0.2,68.0,676.868975288882,678.0754107575553,0.05,154
2025-12-13,SKU_2,85.0,0.2,68.0,519.5634320148013,480.53169400050245,0.05,131
2025-12-14,SKU_2,85.0,0.2,68.0,270.9425228118048,263.0815620730783,0.1,170
2025-12-15,SKU_2,85.0,0.2,68.0,731.5644464895314,774.0591453126513,0.05,141
2025-12-16,SKU_2,85.0,0.0,85.0,600.8181736139397,659.7499631526275,0.05,109
2025-12-17,SKU_2,85.0,0.0,85.0,422.75942375823223,377.47760960973994,0.05,105
2025-12-18,SKU_2,85.0,0.0,85.0,920.2052710707677,885.3572302030087,0.1,135
2025-12-19,SKU_2,85.0,0.0,85.0,118.84070604405994,107.86750528987739,0.05,111
2025-12-20,SKU_2,85.0,0.0,85.0,384.1958361245464,337.88204448700867,0.05,105
2025-12-21,SKU_2,85.0,0.0,85.0,151.1932579998819,168.3317528265619,0.15,122
2025-12-22,SKU_2,85.0,0.0,85.0,789.8745845994645,919.1779054053168,0.1,93
2025-12-23,SKU_2,85.0,0.0,85.0,731.8967087024133,693.9060542252276,0.15,150
2025-12-24,SKU_2,85.0,0.0,85.0,398.21699686268533,438.24241231828825,0.05,130
2025-12-25,SKU_2,85.0,0.0,85.0,708.0966119863657,820.5410197357603,0.05,118
2025-12-26,SKU_2,85.0,0.0,85.0,456.34350357635486,519.5241175387412,0.1,147
2025-12-27,SKU_2,85.0,0.0,85.0,780.6284122801909,681.5864599197278,0.05,119
2025-12-28,SKU_2,85.0,0.0,85.0,508.76529646303544,601.623486211764,0.1,118
2025-12-29,SKU_2,85.0,0.0,85.0,471.051755048499,447.81504337868705,0.05,127
2025-12-30,SKU_2,85.0,0.0,85.0,941.2569239394709,880.7305876362477,0.05,120
2025-12-31,SKU_2,85.0,0.0,85.0,325.7911899016302,268.76878248169066,0.05,142
